GEOID,total_population,pixels_low,pixels_moderate,pixels_high,pixels_total,pct_low,pct_moderate,pct_high,pop_low_risk,pop_moderate_risk,pop_high_risk,dominant_risk,weighted_risk_score
150030068172,1743,13569.0,0.0,0.0,13569.0,100.0,0.0,0.0,1743.0,0.0,0.0,Low,1.0
150030103101,1926,280019.0,33611.0,28784.0,342414.0,81.7779062771966,9.815895378109541,8.40619834469385,1575.0,189.0,162.0,Low,1.2662829206749724
150030103032,1758,283941.0,24839.0,1695.0,310475.0,91.45374023673403,8.000322087124568,0.5459376761413962,1608.0,141.0,10.0,Low,1.0909219743940737
150030070021,1005,47778.0,142.0,0.0,47920.0,99.70367278797997,0.29632721202003337,0.0,1002.0,3.0,0.0,Low,1.0029632721202004
150030063022,1966,28246.0,2726.0,0.0,30972.0,91.19850187265918,8.801498127340825,0.0,1793.0,173.0,0.0,Low,1.0880149812734083
150030094021,1210,15447.0,2263.0,0.0,17710.0,87.22190852625636,12.778091473743647,0.0,1055.0,155.0,0.0,Low,1.1277809147374365
150030094023,1104,12457.0,19736.0,0.0,32193.0,38.69474730531482,61.30525269468517,0.0,427.0,677.0,0.0,Moderate,1.6130525269468519
150030016021,701,15971.0,0.0,0.0,15971.0,100.0,0.0,0.0,701.0,0.0,0.0,Low,1.0
150039400061,2447,92006.0,56721.0,219231.0,367958.0,25.004484207436718,15.415074546551507,59.58044124601177,612.0,377.0,1458.0,High,2.3457595703857503
150030102041,519,95937.0,54996.0,120469.0,271402.0,35.34867097515862,20.263667916964504,44.38766110787687,183.0,105.0,230.0,High,2.0903899013271827
150030098012,2306,302568.0,39749.0,4590.0,346907.0,87.21876468333012,11.458114134335716,1.3231211823341702,2011.0,264.0,31.0,Low,1.1410435649900406
150030101032,2226,82901.0,102778.0,456607.0,642286.0,12.907178422073656,16.00190569310245,71.09091588482389,287.0,356.0,1582.0,High,2.5818373746275025
150030097073,1495,12900.0,40016.0,421407.0,474323.0,2.719665713026777,8.436445207168955,88.84388907980427,41.0,126.0,1328.0,High,2.8612422336677747
150030101031,396,1862158.0,640105.0,1393235.0,3895498.0,47.80282264295862,16.431917048859994,35.76526030818139,189.0,65.0,142.0,Low,1.8796243766522278
150030094011,1232,65750.0,41751.0,0.0,107501.0,61.16222174677445,38.83777825322555,0.0,754.0,478.0,0.0,Low,1.3883777825322554
150030098032,543,15241.0,24694.0,518471.0,558406.0,2.7293761170188,4.422230420160242,92.84839346282095,15.0,24.0,504.0,High,2.9011901734580214
150030080092,1825,85483.0,2326.0,200.0,88009.0,97.12983899373928,2.642911520412685,0.22724948584803825,1773.0,48.0,4.0,Low,1.0309741049210877
150030080082,784,33237.0,0.0,0.0,33237.0,100.0,0.0,0.0,784.0,0.0,0.0,Low,1.0
150030080091,898,18313.0,0.0,0.0,18313.0,100.0,0.0,0.0,898.0,0.0,0.0,Low,1.0
150030086261,1815,130031.0,1997.0,0.0,132028.0,98.48744205774533,1.512557942254673,0.0,1788.0,27.0,0.0,Low,1.0151255794225467
150030084102,3848,119344.0,47015.0,6788.0,173147.0,68.92640357615205,27.15322818183393,3.9203682420140114,2652.0,1045.0,151.0,Low,1.3499396466586195
150030084083,3280,44598.0,149665.0,96361.0,290624.0,15.34560118916538,51.497811605373265,33.15658720546135,503.0,1689.0,1088.0,Moderate,2.1781098601629596
150030062031,2923,33909.0,2513.0,32.0,36454.0,93.01859878202666,6.893619355900587,0.08778186207274921,2719.0,202.0,3.0,Low,1.070691830800461
150030087073,1777,25166.0,0.0,0.0,25166.0,100.0,0.0,0.0,1777.0,0.0,0.0,Low,1.0
150030001203,856,116881.0,6459.0,1669.0,125009.0,93.49806813909399,5.166827988384836,1.3351038725211786,800.0,44.0,11.0,Low,1.078370357334272
150039820001,1161,192028.0,28187.0,1814.0,222029.0,86.48780114309392,12.69518846637151,0.8170103905345697,1004.0,147.0,9.0,Low,1.1432920924744066
150030001151,1578,125332.0,14628.0,1328.0,141288.0,88.70675499688579,10.353320876507558,0.9399241266066474,1400.0,163.0,15.0,Low,1.1223316912972086
150030001152,762,17971.0,5303.0,111.0,23385.0,76.84840709856746,22.67692965576224,0.47466324567030144,586.0,173.0,4.0,Low,1.2362625614710285
150030089174,753,23821.0,3774.0,0.0,27595.0,86.32360934951984,13.67639065048016,0.0,650.0,103.0,0.0,Low,1.1367639065048016
150030089175,1187,21610.0,0.0,0.0,21610.0,100.0,0.0,0.0,1187.0,0.0,0.0,Low,1.0
150030023011,790,6200.0,3029.0,410.0,9639.0,64.32202510633883,31.424421620500055,4.253553273161116,508.0,248.0,34.0,Low,1.3993152816682228
150030036033,209,2373.0,1714.0,307.0,4394.0,54.00546199362768,39.00773782430587,6.986800182066455,113.0,82.0,15.0,Low,1.5298133818843878
150030034044,1558,7701.0,1236.0,0.0,8937.0,86.16985565626048,13.830144343739509,0.0,1343.0,215.0,0.0,Low,1.138301443437395
150030078122,1373,25142.0,0.0,0.0,25142.0,100.0,0.0,0.0,1373.0,0.0,0.0,Low,1.0
150030078151,2294,233169.0,36597.0,0.0,269766.0,86.43379818064545,13.56620181935455,0.0,1983.0,311.0,0.0,Low,1.1356620181935455
150030099063,188,146574.0,125628.0,53901.0,326103.0,44.94714860028887,38.52402461798879,16.528826781722337,85.0,72.0,31.0,Low,1.7158167818143348
150030111065,1444,34979.0,0.0,0.0,34979.0,100.0,0.0,0.0,1444.0,0.0,0.0,Low,1.0
150030078083,599,38641.0,9128.0,6853.0,54622.0,70.7425579436857,16.711215261250047,12.54622679506426,424.0,100.0,75.0,Low,1.4180366885137856
150039400051,2455,1520778.0,136714.0,250.0,1657742.0,91.73791820440093,8.247001041175285,0.015080754423788503,2252.0,202.0,0.0,Low,1.0827716255002287
150030015011,1728,19082.0,4905.0,0.0,23987.0,79.55142368783092,20.44857631216909,0.0,1375.0,353.0,0.0,Low,1.204485763121691
150030103031,1254,460577.0,73137.0,178106.0,711820.0,64.70413868674665,10.274648085190076,25.021213228063278,811.0,129.0,314.0,Low,1.6031707454131663
150039817001,3490,167942.0,174507.0,481369.0,823818.0,20.385813371399994,21.18271268653999,58.431473942060016,711.0,739.0,2039.0,High,2.3804566057066
150030048011,1242,65697.0,9061.0,0.0,74758.0,87.87955804061104,12.12044195938896,0.0,1091.0,151.0,0.0,Low,1.1212044195938897
150030084183,999,1186.0,20022.0,45021.0,66229.0,1.7907563152093495,30.231469597910284,67.97777408688037,18.0,302.0,679.0,High,2.66187017771671
150030078171,666,19429.0,7179.0,1192.0,27800.0,69.8884892086331,25.823741007194243,4.287769784172662,465.0,172.0,29.0,Low,1.3439928057553956
150030077024,1372,15032.0,2947.0,0.0,17979.0,83.60865454140942,16.39134545859058,0.0,1147.0,225.0,0.0,Low,1.1639134545859058
150030067044,1027,48981.0,9820.0,0.0,58801.0,83.29960374823557,16.700396251764428,0.0,855.0,172.0,0.0,Low,1.1670039625176443
150030067041,1919,19652.0,0.0,0.0,19652.0,100.0,0.0,0.0,1919.0,0.0,0.0,Low,1.0
150030068102,851,20714.0,0.0,0.0,20714.0,100.0,0.0,0.0,851.0,0.0,0.0,Low,1.0
150030048013,1279,15951.0,15.0,0.0,15966.0,99.90605035700865,0.09394964299135664,0.0,1278.0,1.0,0.0,Low,1.0009394964299136
150030048023,820,16853.0,0.0,0.0,16853.0,100.0,0.0,0.0,820.0,0.0,0.0,Low,1.0
150030098043,1013,67003.0,7021.0,217.0,74241.0,90.25067011489608,9.457038563596933,0.292291321506984,914.0,96.0,3.0,Low,1.100416212066109
150030087062,636,40854.0,12030.0,2485.0,55369.0,73.78496992902166,21.72695912875436,4.488070942223988,469.0,138.0,29.0,Low,1.3070310101320233
150030086323,1144,27418.0,3062.0,0.0,30480.0,89.95406824146983,10.045931758530184,0.0,1029.0,115.0,0.0,Low,1.100459317585302
150030095102,394,0.0,0.0,0.0,0.0,0.0,0.0,0.0,0.0,0.0,0.0,No Data,0.0
150030097042,1414,159193.0,17872.0,11333.0,188398.0,84.49824308113675,9.486300279196168,6.015456639667088,1195.0,134.0,85.0,Low,1.2151721355853033
150030099052,791,56373.0,39197.0,9007.0,104577.0,53.90573453053731,37.48147298163076,8.612792487831932,426.0,296.0,68.0,Low,1.5470705795729462
150030097061,960,213240.0,32339.0,0.0,245579.0,86.83152875449449,13.16847124550552,0.0,834.0,126.0,0.0,Low,1.131684712455055
150030075085,1103,30376.0,4500.0,873.0,35749.0,84.9702089568939,12.587764692718679,2.4420263503874233,937.0,139.0,27.0,Low,1.1747181739349353
150030078163,2046,81325.0,10675.0,0.0,92000.0,88.39673913043478,11.603260869565217,0.0,1809.0,237.0,0.0,Low,1.1160326086956522
150030078132,1164,9428.0,0.0,0.0,9428.0,100.0,0.0,0.0,1164.0,0.0,0.0,Low,1.0
150030078131,1032,21786.0,0.0,0.0,21786.0,100.0,0.0,0.0,1032.0,0.0,0.0,Low,1.0
150030075074,2182,108970.0,8068.0,0.0,117038.0,93.10651241477127,6.893487585228729,0.0,2032.0,150.0,0.0,Low,1.0689348758522872
150030068121,1205,56861.0,1156.0,1.0,58018.0,98.00579130614638,1.9924850908338791,0.0017236030197524906,1181.0,24.0,0.0,Low,1.0199593229687338
150030048022,1216,12243.0,0.0,0.0,12243.0,100.0,0.0,0.0,1216.0,0.0,0.0,Low,1.0
150030087072,1173,19862.0,0.0,0.0,19862.0,100.0,0.0,0.0,1173.0,0.0,0.0,Low,1.0
150030089342,1715,61936.0,0.0,0.0,61936.0,100.0,0.0,0.0,1715.0,0.0,0.0,Low,1.0
150030019063,1395,1354.0,947.0,1846.0,4147.0,32.650108512177475,22.835784904750422,44.5141065830721,455.0,319.0,621.0,High,2.1186399807089464
150030019062,979,1410.0,594.0,589.0,2593.0,54.37716930196683,22.907828769764752,22.715001928268418,532.0,224.0,222.0,Low,1.6833783262630158
150030018042,970,2536.0,3194.0,4665.0,10395.0,24.396344396344396,30.726310726310725,44.877344877344875,237.0,298.0,435.0,High,2.204810004810005
150030035042,2118,7000.0,3322.0,0.0,10322.0,67.81631466770006,32.183685332299945,0.0,1436.0,682.0,0.0,Low,1.3218368533229994
150030078141,2639,90254.0,13295.0,0.0,103549.0,87.16066789635825,12.839332103641754,0.0,2300.0,339.0,0.0,Low,1.1283933210364177
150030089351,1338,41568.0,7111.0,0.0,48679.0,85.39205817703733,14.607941822962674,0.0,1143.0,195.0,0.0,Low,1.1460794182296268
150030098033,611,13027.0,7937.0,400.0,21364.0,60.97640891218873,37.15128253136117,1.872308556450103,373.0,227.0,11.0,Low,1.4089589964426137
150030078142,963,34487.0,3193.0,0.0,37680.0,91.526008492569,8.473991507430997,0.0,881.0,82.0,0.0,Low,1.08473991507431
150030089461,925,14811.0,0.0,0.0,14811.0,100.0,0.0,0.0,925.0,0.0,0.0,Low,1.0
150030061001,1804,21056.0,947.0,22.0,22025.0,95.60045402951192,4.2996594778660615,0.09988649262202044,1725.0,78.0,2.0,Low,1.044994324631101
150030038014,1320,4086.0,3178.0,5569.0,12833.0,31.839788046442763,24.764279591677706,43.39593236187953,420.0,327.0,573.0,High,2.1155614431543674
150030038013,0,7713.0,8785.0,9535.0,26033.0,29.627780125225676,33.74563054584566,36.62658932892867,0.0,0.0,0.0,High,2.06998809203703
150030080131,856,36183.0,0.0,0.0,36183.0,100.0,0.0,0.0,856.0,0.0,0.0,Low,1.0
150030086291,2180,28575.0,0.0,0.0,28575.0,100.0,0.0,0.0,2180.0,0.0,0.0,Low,1.0
150030086282,1930,28328.0,4439.0,0.0,32767.0,86.45283364360485,13.547166356395154,0.0,1669.0,261.0,0.0,Low,1.1354716635639515
150030086232,1372,128061.0,11959.0,0.0,140020.0,91.45907727467505,8.540922725324954,0.0,1255.0,117.0,0.0,Low,1.0854092272532496
150030086234,89,289822.0,34776.0,0.0,324598.0,89.28644045865963,10.713559541340366,0.0,79.0,10.0,0.0,Low,1.1071355954134037
150030078042,889,20767.0,1675.0,0.0,22442.0,92.53631583637822,7.463684163621781,0.0,823.0,66.0,0.0,Low,1.0746368416362178
150030089431,1039,45989.0,6518.0,0.0,52507.0,87.58641704915536,12.41358295084465,0.0,910.0,129.0,0.0,Low,1.1241358295084465
150030089122,1428,27798.0,0.0,0.0,27798.0,100.0,0.0,0.0,1428.0,0.0,0.0,Low,1.0
150030080054,1512,87772.0,15253.0,0.0,103025.0,85.19485561756855,14.805144382431449,0.0,1288.0,224.0,0.0,Low,1.1480514438243146
150030062022,799,2394.0,1512.0,0.0,3906.0,61.29032258064516,38.70967741935484,0.0,490.0,309.0,0.0,Low,1.3870967741935485
150030096101,1479,3363.0,21939.0,9796.0,35098.0,9.581742549433017,62.50783520428514,27.91042224628184,142.0,924.0,413.0,Moderate,2.1832867969684884
150030086342,1045,24649.0,4878.0,0.0,29527.0,83.47952721238188,16.52047278761811,0.0,872.0,173.0,0.0,Low,1.165204727876181
150030086331,2784,109467.0,19280.0,0.0,128747.0,85.02489378393282,14.975106216067172,0.0,2367.0,417.0,0.0,Low,1.1497510621606717
150030071002,1960,16987.0,20683.0,6278.0,43948.0,38.65249840720852,47.06243742604897,14.285064166742515,758.0,922.0,280.0,Moderate,1.7563256575953399
150030086281,1894,31802.0,4641.0,0.0,36443.0,87.2650440413797,12.734955958620311,0.0,1653.0,241.0,0.0,Low,1.127349559586203
150030096103,500,3296.0,31056.0,309349.0,343701.0,0.9589730608872247,9.035760733893703,90.00526620521907,5.0,45.0,450.0,High,2.8904629314433183
150030096102,1747,14203.0,26316.0,15283.0,55802.0,25.45249274219562,47.159600014336405,27.387907243467975,445.0,824.0,478.0,Moderate,2.0193541450127235
150030101021,1562,463913.0,88333.0,261520.0,813766.0,57.00815713608088,10.85484033493658,32.137002528982535,890.0,170.0,502.0,Low,1.7512884539290166
150030099053,1323,8369.0,51180.0,76338.0,135887.0,6.158793703591955,37.66364700081686,56.177559295591195,81.0,498.0,743.0,High,2.5001876559199925
150030089352,2443,23999.0,1878.0,0.0,25877.0,92.74258994473857,7.257410055261429,0.0,2266.0,177.0,0.0,Low,1.0725741005526144
150030084181,2332,1983.0,34673.0,13589.0,50245.0,3.9466613593392372,69.00786147875411,27.045477161906657,92.0,1609.0,631.0,Moderate,2.2309881580256743
150030075073,1705,39961.0,2106.0,0.0,42067.0,94.99370052535241,5.006299474647586,0.0,1620.0,85.0,0.0,Low,1.050062994746476
150030075071,1371,80385.0,2964.0,0.0,83349.0,96.44386855271209,3.55613144728791,0.0,1322.0,49.0,0.0,Low,1.035561314472879
150039818011,3171,42921.0,46485.0,8182.0,97588.0,43.98184202975776,47.633930401278846,8.384227568963396,1395.0,1510.0,266.0,Moderate,1.6440238553920563
150039818031,3054,34571.0,121147.0,276562.0,432280.0,7.99736282039419,28.025122605718515,63.9775145738873,244.0,856.0,1954.0,High,2.559801517534931
150030105073,828,29300.0,417.0,0.0,29717.0,98.59676279570616,1.4032372042938386,0.0,816.0,12.0,0.0,Low,1.0140323720429383
150030103051,2092,55878.0,6373.0,0.0,62251.0,89.76241345520553,10.23758654479446,0.0,1878.0,214.0,0.0,Low,1.1023758654479445
150030069003,1500,23582.0,8592.0,633.0,32807.0,71.8810010058829,26.189532721675253,1.9294662724418572,1078.0,393.0,29.0,Low,1.3004846526655898
150030089322,1758,61882.0,0.0,0.0,61882.0,100.0,0.0,0.0,1758.0,0.0,0.0,Low,1.0
150030089321,303,24284.0,0.0,0.0,24284.0,100.0,0.0,0.0,303.0,0.0,0.0,Low,1.0
150030089181,1131,64693.0,10623.0,0.0,75316.0,85.89542726645068,14.104572733549311,0.0,971.0,160.0,0.0,Low,1.141045727335493
150030087071,2113,16649.0,4379.0,237.0,21265.0,78.29296966846931,20.59252292499412,1.1145074065365623,1654.0,435.0,24.0,Low,1.2282153773806725
150030075081,1552,40136.0,76.0,0.0,40212.0,99.8110016910375,0.18899830896249875,0.0,1549.0,3.0,0.0,Low,1.001889983089625
150030080122,1343,40943.0,4270.0,0.0,45213.0,90.55581359343552,9.444186406564484,0.0,1216.0,127.0,0.0,Low,1.0944418640656448
150030009051,1507,38150.0,0.0,0.0,38150.0,100.0,0.0,0.0,1507.0,0.0,0.0,Low,1.0
150030084141,2493,86780.0,88885.0,8260.0,183925.0,47.182275383988035,48.32676362647818,4.490960989533777,1176.0,1205.0,112.0,Moderate,1.5730868560554574
150030068161,2100,22638.0,0.0,0.0,22638.0,100.0,0.0,0.0,2100.0,0.0,0.0,Low,1.0
150030067031,1695,142203.0,13447.0,143.0,155793.0,91.27688663803893,8.631324899064785,0.09178846289627904,1547.0,146.0,2.0,Low,1.0881490182485734
150030068152,510,3972.0,0.0,0.0,3972.0,100.0,0.0,0.0,510.0,0.0,0.0,Low,1.0
150030041022,758,10941.0,265.0,0.0,11206.0,97.6351954310191,2.364804568980903,0.0,740.0,18.0,0.0,Low,1.023648045689809
150030041023,611,32826.0,7952.0,183.0,40961.0,80.13964502819756,19.413588535436148,0.4467664363662996,490.0,119.0,3.0,Low,1.2030712140816875
150030093021,1338,48552.0,0.0,0.0,48552.0,100.0,0.0,0.0,1338.0,0.0,0.0,Low,1.0
150030090002,572,490990.0,23516.0,0.0,514506.0,95.42940218384236,4.570597816157634,0.0,546.0,26.0,0.0,Low,1.0457059781615763
150030089381,1439,9848.0,2012.0,60.0,11920.0,82.61744966442953,16.879194630872483,0.5033557046979865,1189.0,243.0,7.0,Low,1.1788590604026845
150030001191,854,20478.0,6367.0,364.0,27209.0,75.26186188393547,23.40034547392407,1.3377926421404682,643.0,200.0,11.0,Low,1.26075930758205
150030001202,707,57763.0,188.0,0.0,57951.0,99.67558799675588,0.32441200324412006,0.0,705.0,2.0,0.0,Low,1.0032441200324411
150030080081,820,19274.0,0.0,0.0,19274.0,100.0,0.0,0.0,820.0,0.0,0.0,Low,1.0
150030043023,678,12712.0,0.0,0.0,12712.0,100.0,0.0,0.0,678.0,0.0,0.0,Low,1.0
150030043011,836,9521.0,0.0,0.0,9521.0,100.0,0.0,0.0,836.0,0.0,0.0,Low,1.0
150030042012,754,2157.0,427.0,0.0,2584.0,83.47523219814241,16.524767801857585,0.0,629.0,125.0,0.0,Low,1.1652476780185759
150030037011,793,631.0,1316.0,1355.0,3302.0,19.10963052695336,39.85463355542096,41.03573591762568,152.0,316.0,325.0,High,2.219261053906723
150030084172,1861,22618.0,0.0,0.0,22618.0,100.0,0.0,0.0,1861.0,0.0,0.0,Low,1.0
150030084173,680,9912.0,906.0,0.0,10818.0,91.62506932889627,8.374930671103716,0.0,623.0,57.0,0.0,Low,1.083749306711037
150030068134,1732,92430.0,26396.0,50717.0,169543.0,54.51714314362728,15.568911721510178,29.91394513486254,944.0,270.0,518.0,Low,1.7539680199123526
150030107011,1402,145815.0,540.0,0.0,146355.0,99.63103412934304,0.36896587065696423,0.0,1397.0,5.0,0.0,Low,1.0036896587065696
150030095111,1438,12696.0,0.0,0.0,12696.0,100.0,0.0,0.0,1438.0,0.0,0.0,Low,1.0
150030105092,721,26576.0,3104.0,0.0,29680.0,89.54177897574124,10.45822102425876,0.0,646.0,75.0,0.0,Low,1.1045822102425875
150030105091,486,11045.0,2720.0,0.0,13765.0,80.23973846712677,19.76026153287323,0.0,390.0,96.0,0.0,Low,1.1976026153287322
150030043021,1579,9340.0,2695.0,0.0,12035.0,77.60697964270877,22.393020357291235,0.0,1225.0,354.0,0.0,Low,1.2239302035729123
150030050003,849,11325.0,1849.0,0.0,13174.0,85.96477911036891,14.035220889631091,0.0,730.0,119.0,0.0,Low,1.140352208896311
150030050001,1129,16066.0,3596.0,0.0,19662.0,81.71091445427729,18.289085545722713,0.0,923.0,206.0,0.0,Low,1.182890855457227
150030086302,963,33146.0,4708.0,0.0,37854.0,87.5627410577482,12.437258942251809,0.0,843.0,120.0,0.0,Low,1.124372589422518
150030092013,870,72728.0,8429.0,0.0,81157.0,89.61395813053711,10.386041869462893,0.0,780.0,90.0,0.0,Low,1.103860418694629
150030092011,1268,34088.0,4349.0,0.0,38437.0,88.68538127325235,11.314618726747664,0.0,1125.0,143.0,0.0,Low,1.1131461872674766
150030092021,314,57606.0,8662.0,0.0,66268.0,86.92883442989074,13.071165570109253,0.0,273.0,41.0,0.0,Low,1.1307116557010926
150030101011,1143,183056.0,28610.0,213517.0,425183.0,43.05346168590936,6.728867334771145,50.21767097931949,492.0,77.0,574.0,High,2.0716420929341015
150030093011,1340,36520.0,5824.0,0.0,42344.0,86.24598526355564,13.754014736444361,0.0,1156.0,184.0,0.0,Low,1.1375401473644435
150030089511,718,17461.0,0.0,0.0,17461.0,100.0,0.0,0.0,718.0,0.0,0.0,Low,1.0
150030001142,922,68072.0,11320.0,85537.0,164929.0,41.27351769549321,6.863559471045116,51.86292283346167,381.0,63.0,478.0,High,2.1058940513796847
150030086301,2139,37168.0,3326.0,0.0,40494.0,91.78643749691312,8.213562503086877,0.0,1963.0,176.0,0.0,Low,1.0821356250308687
150030047012,983,20786.0,0.0,0.0,20786.0,100.0,0.0,0.0,983.0,0.0,0.0,Low,1.0
150030096104,1879,3741.0,17919.0,9779.0,31439.0,11.899233436177996,56.996087661821306,31.1046789020007,224.0,1071.0,584.0,Moderate,2.1920544546582272
150030021011,505,7108.0,14666.0,55089.0,76863.0,9.247622393089003,19.08070202828409,71.6716755786269,47.0,96.0,362.0,High,2.624240531855379
150030021012,663,675.0,987.0,403.0,2065.0,32.68765133171913,47.79661016949153,19.515738498789347,217.0,317.0,129.0,Moderate,1.8682808716707022
150030045003,2054,20492.0,6856.0,0.0,27348.0,74.93052508410122,25.069474915898788,0.0,1539.0,515.0,0.0,Low,1.250694749158988
150030037031,1018,2816.0,3252.0,2812.0,8880.0,31.71171171171171,36.62162162162162,31.666666666666664,323.0,373.0,322.0,Moderate,1.9995495495495494
150030037035,390,28331.0,22970.0,17407.0,68708.0,41.233917447749896,33.43133259591314,25.33474995633696,161.0,130.0,99.0,Low,1.8410083250858706
150030036062,1249,1840.0,2836.0,1930.0,6606.0,27.853466545564636,42.93066908870723,29.215864365728127,348.0,536.0,365.0,Moderate,2.0136239782016347
150030022051,2118,5619.0,6285.0,8516.0,20420.0,27.517140058765914,30.77864838393732,41.704211557296766,583.0,652.0,883.0,High,2.1418707149853087
150030022031,2009,2560.0,3492.0,15960.0,22012.0,11.630019989096855,15.86407414137743,72.5059058695257,234.0,319.0,1457.0,High,2.6087588588042885
150030089411,2021,78626.0,0.0,0.0,78626.0,100.0,0.0,0.0,2021.0,0.0,0.0,Low,1.0
150030101022,586,378489.0,46174.0,246406.0,671069.0,56.40090661317987,6.880663538324673,36.71842984849546,331.0,40.0,215.0,Low,1.803175232353156
150030095091,1522,251.0,0.0,0.0,251.0,100.0,0.0,0.0,1522.0,0.0,0.0,Low,1.0
150030102042,1935,50765.0,37305.0,96221.0,184291.0,27.546109142605985,20.24244265862142,52.211448198772594,533.0,392.0,1010.0,High,2.246653390561666
150030095122,2918,118043.0,230.0,0.0,118273.0,99.80553465287936,0.1944653471206446,0.0,2912.0,6.0,0.0,Low,1.0019446534712064
150030002004,677,149431.0,14573.0,3697.0,167701.0,89.10561058073596,8.689870662667486,2.204518756596562,603.0,59.0,15.0,Low,1.1309890817586061
150030096091,2761,295430.0,77926.0,43434.0,416790.0,70.88221886321648,18.69670577509057,10.421075361692939,1957.0,516.0,288.0,Low,1.3953885649847646
150030080102,1622,31407.0,0.0,0.0,31407.0,100.0,0.0,0.0,1622.0,0.0,0.0,Low,1.0
150030025003,369,1331.0,3534.0,2582.0,7447.0,17.872968980797637,47.45535114811334,34.671679871089026,66.0,175.0,128.0,Moderate,2.167987108902914
150030025002,1201,1845.0,5872.0,5053.0,12770.0,14.447924823805794,45.982772122161315,39.569303054032886,174.0,552.0,475.0,Moderate,2.251213782302271
150030116002,1321,59649.0,6048.0,0.0,65697.0,90.79410018722317,9.20589981277684,0.0,1199.0,122.0,0.0,Low,1.0920589981277684
150030034142,1209,4211.0,2227.0,0.0,6438.0,65.4085119602361,34.5914880397639,0.0,791.0,418.0,0.0,Low,1.345914880397639
150030011022,1210,319.0,206.0,0.0,525.0,60.76190476190476,39.23809523809524,0.0,735.0,475.0,0.0,Low,1.3923809523809523
150030034042,1159,4551.0,1611.0,0.0,6162.0,73.85589094449854,26.144109055501463,0.0,856.0,303.0,0.0,Low,1.2614410905550146
150030031041,2624,0.0,0.0,0.0,0.0,0.0,0.0,0.0,0.0,0.0,0.0,No Data,0.0
150030024042,736,1973.0,5119.0,1906.0,8998.0,21.927094909979996,56.89042009335408,21.182484996665927,161.0,419.0,156.0,Moderate,1.9925539008668594
150030095123,609,77001.0,0.0,0.0,77001.0,100.0,0.0,0.0,609.0,0.0,0.0,Low,1.0
150030089332,1392,31580.0,0.0,0.0,31580.0,100.0,0.0,0.0,1392.0,0.0,0.0,Low,1.0
150030089521,1508,234641.0,15379.0,0.0,250020.0,93.84889208863291,6.151107911367091,0.0,1415.0,93.0,0.0,Low,1.0615110791136708
150030116001,657,97593.0,9885.0,0.0,107478.0,90.80276893875956,9.197231061240439,0.0,597.0,60.0,0.0,Low,1.0919723106124044
150030044021,1600,50218.0,7253.0,0.0,57471.0,87.37972194672096,12.620278053279044,0.0,1398.0,202.0,0.0,Low,1.1262027805327905
150030089481,878,23348.0,0.0,0.0,23348.0,100.0,0.0,0.0,878.0,0.0,0.0,Low,1.0
150030097063,1822,40354.0,0.0,0.0,40354.0,100.0,0.0,0.0,1822.0,0.0,0.0,Low,1.0
150030015022,1150,20510.0,1025.0,0.0,21535.0,95.24030647782679,4.759693522173206,0.0,1095.0,55.0,0.0,Low,1.047596935221732
150030089294,604,13972.0,4517.0,0.0,18489.0,75.56925739628969,24.430742603710314,0.0,456.0,148.0,0.0,Low,1.2443074260371032
150030089313,1627,481121.0,111753.0,0.0,592874.0,81.1506323434659,18.849367656534103,0.0,1320.0,307.0,0.0,Low,1.188493676565341
150030028011,1670,58792.0,3040.0,0.0,61832.0,95.08345193427351,4.916548065726484,0.0,1588.0,82.0,0.0,Low,1.0491654806572648
150030024031,782,1136.0,3086.0,1783.0,6005.0,18.91756869275604,51.39050791007493,29.691923397169024,148.0,402.0,232.0,Moderate,2.1077435470441297
150030024032,878,739.0,2483.0,1714.0,4936.0,14.971636952998379,50.30388978930308,34.72447325769854,131.0,442.0,305.0,Moderate,2.1975283630470015
150030016012,813,4626.0,8651.0,1213.0,14490.0,31.925465838509314,59.7032436162871,8.371290545203589,260.0,485.0,68.0,Moderate,1.7644582470669428
150030041012,1020,14199.0,0.0,0.0,14199.0,100.0,0.0,0.0,1020.0,0.0,0.0,Low,1.0
150030011012,1144,0.0,0.0,0.0,0.0,0.0,0.0,0.0,0.0,0.0,0.0,No Data,0.0
150030011011,744,3198.0,287.0,0.0,3485.0,91.76470588235294,8.235294117647058,0.0,683.0,61.0,0.0,Low,1.0823529411764705
150030018032,90,441.0,521.0,690.0,1652.0,26.69491525423729,31.53753026634383,41.767554479418884,24.0,28.0,38.0,High,2.150726392251816
150030018034,733,1354.0,1124.0,489.0,2967.0,45.63532187394675,37.88338388945062,16.48129423660263,335.0,278.0,121.0,Low,1.7084597236265588
150030020051,1035,1877.0,1761.0,2714.0,6352.0,29.549748110831235,27.7235516372796,42.72670025188917,306.0,287.0,442.0,High,2.1317695214105794
150030087042,1830,19183.0,17918.0,4094.0,41195.0,46.56633086539629,43.495569850710034,9.938099283893678,852.0,796.0,182.0,Low,1.6337176841849739
150030078172,656,34207.0,4146.0,0.0,38353.0,89.18989388053086,10.810106119469141,0.0,585.0,71.0,0.0,Low,1.1081010611946913
150030078162,1217,30640.0,0.0,0.0,30640.0,100.0,0.0,0.0,1217.0,0.0,0.0,Low,1.0
150030084131,1533,10400.0,15554.0,0.0,25954.0,40.07089465978269,59.929105340217305,0.0,614.0,919.0,0.0,Moderate,1.5992910534021731
150030084132,1277,9230.0,15982.0,218.0,25430.0,36.29571372394809,62.847031065670464,0.8572552103814391,463.0,803.0,11.0,Moderate,1.6456154148643334
150030062032,1970,16244.0,0.0,0.0,16244.0,100.0,0.0,0.0,1970.0,0.0,0.0,Low,1.0
150030043022,656,14252.0,2889.0,0.0,17141.0,83.14567411469575,16.85432588530424,0.0,545.0,111.0,0.0,Low,1.1685432588530424
150030064024,1752,20380.0,1430.0,0.0,21810.0,93.44337459880788,6.556625401192114,0.0,1637.0,115.0,0.0,Low,1.065566254011921
150030068191,881,3442.0,247.0,0.0,3689.0,93.30441854161019,6.695581458389807,0.0,822.0,59.0,0.0,Low,1.066955814583898
150030084152,2784,31422.0,106.0,0.0,31528.0,99.66379091601117,0.3362090839888353,0.0,2775.0,9.0,0.0,Low,1.0033620908398884
150030084053,1979,29733.0,3419.0,0.0,33152.0,89.68689671814671,10.313103281853282,0.0,1775.0,204.0,0.0,Low,1.1031310328185329
150030084162,1851,16608.0,27.0,0.0,16635.0,99.83769161406673,0.1623083859332732,0.0,1848.0,3.0,0.0,Low,1.0016230838593327
150030084171,1753,9904.0,0.0,0.0,9904.0,100.0,0.0,0.0,1753.0,0.0,0.0,Low,1.0
150030088012,1874,20860.0,0.0,0.0,20860.0,100.0,0.0,0.0,1874.0,0.0,0.0,Low,1.0
150030087051,1819,35082.0,15081.0,16433.0,66596.0,52.67883956994414,22.64550423448856,24.675656195567303,958.0,412.0,449.0,Low,1.7199681662562316
150030097071,2152,8794.0,26821.0,3562.0,39177.0,22.446843811419967,68.46108686218955,9.092069326390483,483.0,1473.0,196.0,Moderate,1.8664522551497051
150030105074,1137,13059.0,100.0,0.0,13159.0,99.2400638346379,0.7599361653621095,0.0,1128.0,9.0,0.0,Low,1.0075993616536212
150030097051,1386,16950.0,271.0,0.0,17221.0,98.42633993380176,1.5736600661982463,0.0,1364.0,22.0,0.0,Low,1.0157366006619826
150030095112,1916,67002.0,0.0,0.0,67002.0,100.0,0.0,0.0,1916.0,0.0,0.0,Low,1.0
150030096093,1839,109405.0,0.0,0.0,109405.0,100.0,0.0,0.0,1839.0,0.0,0.0,Low,1.0
150030026002,1032,7136.0,11871.0,4103.0,23110.0,30.87840761575076,51.367373431414975,17.75421895283427,319.0,530.0,183.0,Moderate,1.868758113370835
150030009041,2492,69781.0,0.0,0.0,69781.0,100.0,0.0,0.0,2492.0,0.0,0.0,Low,1.0
150030037032,486,3590.0,922.0,1086.0,5598.0,64.13004644515898,16.470167917113255,19.39978563772776,312.0,80.0,94.0,Low,1.5526973919256877
150030002006,434,2087.0,12102.0,9756.0,23945.0,8.715807057840886,50.540822718730425,40.74337022342869,38.0,219.0,177.0,Moderate,2.320275631655878
150030019061,508,1492.0,837.0,931.0,3260.0,45.766871165644176,25.67484662576687,28.55828220858896,232.0,130.0,145.0,Low,1.8279141104294478
150030019071,1105,1367.0,794.0,1063.0,3224.0,42.40074441687345,24.627791563275434,32.97146401985111,469.0,272.0,364.0,Low,1.9057071960297767
150030001211,1569,5909.0,10353.0,11383.0,27645.0,21.374570446735394,37.44981009224091,41.17561946102369,335.0,588.0,646.0,High,2.198010490142883
150030004021,679,33043.0,0.0,0.0,33043.0,100.0,0.0,0.0,679.0,0.0,0.0,Low,1.0
150030001171,1381,57395.0,2700.0,2228.0,62323.0,92.09280682893956,4.332268985767694,3.5749241852927494,1272.0,60.0,49.0,Low,1.1148211735635318
150030001104,335,70217.0,22097.0,3530.0,95844.0,73.26175869120655,23.055172989441175,3.6830683193522806,245.0,77.0,12.0,Low,1.3042130962814573
150030020042,553,6276.0,2710.0,5661.0,14647.0,42.848364852870894,18.502082337680072,38.649552809449034,237.0,102.0,214.0,Low,1.9580118795657815
150030024013,518,591.0,1895.0,1174.0,3660.0,16.147540983606557,51.775956284153004,32.076502732240435,84.0,268.0,166.0,Moderate,2.1592896174863387
150030022062,964,1460.0,3981.0,1397.0,6838.0,21.351272301842645,58.21877742029833,20.429950277859025,206.0,561.0,197.0,Moderate,1.9907867797601637
150030038024,0,907.0,770.0,922.0,2599.0,34.898037706810314,29.62677953058869,35.475182762601,0.0,0.0,0.0,High,2.0057714505579067
150030038023,999,1069.0,893.0,1020.0,2982.0,35.84842387659289,29.94634473507713,34.205231388329985,358.0,299.0,342.0,Low,1.983568075117371
150030038011,925,1696.0,2511.0,7186.0,11393.0,14.886333713683841,22.039849030106208,63.07381725620995,138.0,204.0,583.0,High,2.4818748354252613
150030038012,1280,2850.0,4928.0,4450.0,12228.0,23.307163886162904,40.30094864245993,36.39188747137717,298.0,516.0,466.0,Moderate,2.1308472358521424
150030044012,1262,13832.0,5551.0,0.0,19383.0,71.36150234741784,28.638497652582164,0.0,901.0,361.0,0.0,Low,1.2863849765258215
150030044013,772,15277.0,0.0,0.0,15277.0,100.0,0.0,0.0,772.0,0.0,0.0,Low,1.0
150030056011,862,4436.0,1147.0,3.0,5586.0,79.41281775868242,20.533476548514145,0.05370569280343716,685.0,177.0,0.0,Low,1.2064088793412102
150030059002,1733,5194.0,8889.0,5122.0,19205.0,27.045040354074462,46.284821661025774,26.670137984899768,469.0,802.0,462.0,Moderate,1.996250976308253
150030086341,565,18454.0,2520.0,0.0,20974.0,87.9851244397826,12.014875560217412,0.0,497.0,68.0,0.0,Low,1.120148755602174
150039821001,0,5150.0,0.0,0.0,5150.0,100.0,0.0,0.0,0.0,0.0,0.0,Low,1.0
150030022061,1274,1337.0,2629.0,431.0,4397.0,30.407095747100293,59.79076643165795,9.802137821241756,387.0,762.0,125.0,Moderate,1.7939504207414145
150030034101,1796,7479.0,0.0,0.0,7479.0,100.0,0.0,0.0,1796.0,0.0,0.0,Low,1.0
150030037013,684,1850.0,1399.0,1607.0,4856.0,38.097199341021415,28.80971993410214,33.09308072487644,261.0,197.0,226.0,Low,1.9499588138385502
150030021021,268,6197.0,11024.0,2499.0,19720.0,31.424949290060848,55.902636916835704,12.672413793103448,84.0,150.0,34.0,Moderate,1.8124746450304259
150030086233,1727,41541.0,3878.0,0.0,45419.0,91.46172306743874,8.538276932561264,0.0,1580.0,147.0,0.0,Low,1.0853827693256126
150030037022,1323,650.0,537.0,1234.0,2421.0,26.848409748037998,22.18091697645601,50.97067327550599,355.0,293.0,674.0,High,2.24122263527468
150030037021,424,2171.0,1042.0,1731.0,4944.0,43.91181229773463,21.076051779935277,35.012135922330096,186.0,89.0,148.0,Low,1.9110032362459546
150030068132,106,5006.0,2571.0,2.0,7579.0,66.0509302018736,33.92268109249241,0.02638870563398865,70.0,36.0,0.0,Low,1.3397545850376038
150030042011,729,923.0,464.0,0.0,1387.0,66.5465032444124,33.453496755587594,0.0,485.0,244.0,0.0,Low,1.334534967555876
150030019051,601,671.0,736.0,1399.0,2806.0,23.91304347826087,26.229508196721312,49.85744832501781,144.0,158.0,300.0,High,2.2594440484675693
150030068131,2361,7308.0,2314.0,180.0,9802.0,74.55621301775149,23.607427055702917,1.836359926545603,1760.0,557.0,43.0,Low,1.2728014690879412
150030078093,636,36604.0,4994.0,0.0,41598.0,87.9946151257272,12.005384874272803,0.0,560.0,76.0,0.0,Low,1.120053848742728
150030092031,1980,101016.0,4259.0,0.0,105275.0,95.95440512942294,4.04559487057706,0.0,1900.0,80.0,0.0,Low,1.0404559487057705
150030047011,1220,15429.0,1.0,0.0,15430.0,99.99351911860013,0.006480881399870383,0.0,1220.0,0.0,0.0,Low,1.0000648088139987
150030105101,1997,29048.0,12769.0,42011.0,83828.0,34.651906284296416,15.232380588824737,50.115713126878845,692.0,304.0,1001.0,High,2.1546380684258244
150039802001,537,51452.0,153525.0,1046492.0,1251469.0,4.111328366903216,12.267583136298223,83.62108849679856,22.0,66.0,449.0,High,2.7950976012989535
150030086262,1468,114085.0,10773.0,85.0,124943.0,91.30963719456072,8.622331783293182,0.06803102214609862,1340.0,127.0,1.0,Low,1.0875839382758539
150030109033,880,1534.0,14132.0,4408.0,20074.0,7.641725615223673,70.39952176945302,21.958752615323306,67.0,620.0,193.0,Moderate,2.1431702700009962
150030008003,1636,55638.0,0.0,0.0,55638.0,100.0,0.0,0.0,1636.0,0.0,0.0,Low,1.0
150030001222,1049,22422.0,1408.0,0.0,23830.0,94.0914813260596,5.908518673940411,0.0,987.0,62.0,0.0,Low,1.0590851867394042
150030023022,703,1140.0,4506.0,3032.0,8678.0,13.136667434892832,51.92440654528693,34.93892601982024,92.0,365.0,246.0,Moderate,2.218022585849274
150030023013,1586,2373.0,5198.0,1169.0,8740.0,27.15102974828375,59.473684210526315,13.375286041189932,431.0,943.0,212.0,Moderate,1.8622425629290618
150030086272,1373,332040.0,43303.0,0.0,375343.0,88.46308576422099,11.536914235779006,0.0,1215.0,158.0,0.0,Low,1.11536914235779
150030115005,962,188226.0,0.0,0.0,188226.0,100.0,0.0,0.0,962.0,0.0,0.0,Low,1.0
150030115002,2178,39468.0,4489.0,0.0,43957.0,89.78774711650021,10.212252883499783,0.0,1956.0,222.0,0.0,Low,1.1021225288349978
150030047023,1043,23878.0,0.0,0.0,23878.0,100.0,0.0,0.0,1043.0,0.0,0.0,Low,1.0
150030047021,914,19985.0,0.0,0.0,19985.0,100.0,0.0,0.0,914.0,0.0,0.0,Low,1.0
150039822001,1262,319505.0,490306.0,727663.0,1537474.0,20.781164429447262,31.89036042235511,47.32847514819763,262.0,402.0,597.0,High,2.265473107187504
150030096083,822,70947.0,32605.0,452647.0,556199.0,12.755686364053155,5.862110503614713,81.38220313233214,105.0,48.0,669.0,High,2.68626516768279
150030068101,3136,86442.0,0.0,0.0,86442.0,100.0,0.0,0.0,3136.0,0.0,0.0,Low,1.0
150030114012,1298,30689.0,55077.0,23841.0,109607.0,27.999124143530977,50.249527858622166,21.751347997846853,363.0,652.0,282.0,Moderate,1.9375222385431587
150030068141,1426,3909.0,601.0,0.0,4510.0,86.6740576496674,13.325942350332594,0.0,1236.0,190.0,0.0,Low,1.133259423503326
150030023012,1436,1542.0,2322.0,928.0,4792.0,32.17863105175292,48.45575959933222,19.36560934891486,462.0,696.0,278.0,Moderate,1.8718697829716193
150030001083,1296,934.0,8744.0,50573.0,60251.0,1.5501817397221622,14.512622197141955,83.93719606313587,20.0,188.0,1088.0,High,2.8238701432341373
150030088022,2046,28768.0,1800.0,345.0,30913.0,93.06117167534694,5.82279299970886,1.1160353249441983,1904.0,119.0,23.0,Low,1.0805486364959727
150030086252,2395,58878.0,26.0,0.0,58904.0,99.95586038299606,0.04413961700393861,0.0,2394.0,1.0,0.0,Low,1.0004413961700394
150030084072,1841,19140.0,23144.0,150.0,42434.0,45.10534005750106,54.541169816656456,0.3534901258424848,830.0,1004.0,7.0,Moderate,1.5524815006834143
150030088011,1576,22258.0,0.0,0.0,22258.0,100.0,0.0,0.0,1576.0,0.0,0.0,Low,1.0
150030087023,893,12349.0,3744.0,170.0,16263.0,75.93309967410687,23.021582733812952,1.045317592080182,678.0,206.0,9.0,Low,1.2511221791797331
150030087074,907,8676.0,7178.0,6144.0,21998.0,39.43994908628057,32.630239112646606,27.929811801072823,358.0,296.0,253.0,Low,1.8848986271479224
150030073023,1204,23201.0,61495.0,5935.0,90631.0,25.599408590879502,67.85205944985712,6.5485319592633875,308.0,817.0,79.0,Moderate,1.809491233683839
150030098042,2092,71127.0,35560.0,3383.0,110070.0,64.61978740801308,32.306713909330426,3.073498682656491,1352.0,676.0,64.0,Low,1.384537112746434
150030102031,1113,269369.0,133297.0,504987.0,907653.0,29.67753095070473,14.685898685951571,55.636570363343694,330.0,163.0,619.0,High,2.2595903941263895
150030089361,1622,43308.0,3443.0,0.0,46751.0,92.6354516480931,7.364548351906911,0.0,1503.0,119.0,0.0,Low,1.0736454835190692
150030044022,1110,19682.0,3175.0,0.0,22857.0,86.10928818305115,13.890711816948857,0.0,956.0,154.0,0.0,Low,1.1389071181694885
150030089132,1149,18926.0,1474.0,0.0,20400.0,92.77450980392157,7.225490196078431,0.0,1066.0,83.0,0.0,Low,1.0722549019607843
150030105102,1172,40559.0,3708.0,865.0,45132.0,89.86749977842773,8.215900026588674,1.9166001949836038,1053.0,96.0,22.0,Low,1.120491004165559
150030070012,709,38193.0,610.0,0.0,38803.0,98.42795660129372,1.5720433987062858,0.0,698.0,11.0,0.0,Low,1.015720433987063
150030103102,518,14303.0,155.0,0.0,14458.0,98.92792917415963,1.072070825840365,0.0,512.0,6.0,0.0,Low,1.0107207082584035
150030070022,1703,113347.0,1339.0,0.0,114686.0,98.83246429381093,1.1675357061890728,0.0,1683.0,20.0,0.0,Low,1.0116753570618908
150030094022,1082,25144.0,7015.0,0.0,32159.0,78.18651077458875,21.813489225411235,0.0,846.0,236.0,0.0,Low,1.2181348922541124
150030016022,912,16853.0,0.0,0.0,16853.0,100.0,0.0,0.0,912.0,0.0,0.0,Low,1.0
150039400071,2098,51175.0,27318.0,102855.0,181348.0,28.219224915631823,15.063855129364537,56.71691995500364,592.0,316.0,1190.0,High,2.2849769503937183
150030099062,576,5894996.0,956802.0,922477.0,7774275.0,75.82695492505732,12.307282672660795,11.865762402281884,437.0,71.0,68.0,Low,1.3603880747722457
150030111063,1362,123775.0,6601.0,375.0,130751.0,94.66466795665043,5.048527353519285,0.2868046898302881,1289.0,69.0,4.0,Low,1.0562213673317986
150030099061,1412,8249.0,22427.0,144750.0,175426.0,4.702267622815318,12.784307913308176,82.5134244638765,66.0,181.0,1165.0,High,2.778111568410612
150030111041,1403,1824.0,24819.0,14219.0,40862.0,4.463805002202535,60.73858352503548,34.79761147276198,63.0,852.0,488.0,Moderate,2.3033380647055943
150030001153,119,4643.0,6710.0,1663.0,13016.0,35.67148125384143,51.5519360786724,12.776582667486172,42.0,61.0,15.0,Moderate,1.7710510141364475
150030112013,653,24113.0,11924.0,47639.0,83676.0,28.817104068072087,14.250203164587216,56.9326927673407,188.0,93.0,372.0,High,2.281155886992686
150030056021,1307,29311.0,6018.0,702.0,36031.0,81.3493935777525,16.702284144209152,1.9483222780383558,1063.0,218.0,25.0,Low,1.2059892870028586
150030084182,1684,917.0,15214.0,27700.0,43831.0,2.0921265770801485,34.710592959321026,63.19728046359883,35.0,585.0,1064.0,High,2.611051538865187
150030103091,1074,272779.0,26279.0,0.0,299058.0,91.21274134114454,8.787258658855473,0.0,980.0,94.0,0.0,Low,1.0878725865885548
150030067045,2190,67985.0,24960.0,5559.0,98504.0,69.01750182733696,25.339072524973606,5.643425647689434,1511.0,555.0,124.0,Low,1.3662592382035248
150030068062,856,28231.0,244.0,0.0,28475.0,99.14310798946444,0.8568920105355575,0.0,849.0,7.0,0.0,Low,1.0085689201053556
150030068111,1948,100989.0,0.0,0.0,100989.0,100.0,0.0,0.0,1948.0,0.0,0.0,Low,1.0
150030048012,978,28027.0,4271.0,0.0,32298.0,86.77627097653105,13.223729023468945,0.0,849.0,129.0,0.0,Low,1.1322372902346896
150030098041,604,8775.0,817.0,0.0,9592.0,91.48248540450375,8.517514595496246,0.0,553.0,51.0,0.0,Low,1.0851751459549626
150030086324,947,166520.0,3200.0,0.0,169720.0,98.11454159792599,1.8854584020740042,0.0,929.0,18.0,0.0,Low,1.0188545840207401
150030086321,595,47447.0,0.0,0.0,47447.0,100.0,0.0,0.0,595.0,0.0,0.0,Low,1.0
150030075084,2257,63055.0,10416.0,23.0,73494.0,85.79611941110838,14.172585517185077,0.03129507170653387,1936.0,320.0,1.0,Low,1.1423517566059815
150030078161,280,0.0,0.0,0.0,0.0,0.0,0.0,0.0,0.0,0.0,0.0,No Data,0.0
150030078133,732,25586.0,0.0,0.0,25586.0,100.0,0.0,0.0,732.0,0.0,0.0,Low,1.0
150030102022,1111,921759.0,227488.0,72497.0,1221744.0,75.44616548147566,18.619940020167892,5.933894498356448,838.0,207.0,66.0,Low,1.304877290168808
150030075072,591,86339.0,8155.0,0.0,94494.0,91.36982242258767,8.630177577412322,0.0,540.0,51.0,0.0,Low,1.0863017757741231
150030048021,1383,20787.0,4028.0,0.0,24815.0,83.76788232923636,16.232117670763653,0.0,1159.0,224.0,0.0,Low,1.1623211767076365
150030027022,867,60949.0,1866.0,0.0,62815.0,97.02937196529491,2.9706280347050864,0.0,841.0,26.0,0.0,Low,1.029706280347051
150030089341,1161,62271.0,0.0,0.0,62271.0,100.0,0.0,0.0,1161.0,0.0,0.0,Low,1.0
150030019052,952,1183.0,915.0,1676.0,3774.0,31.346051934287228,24.24483306836248,44.409114997350294,298.0,231.0,423.0,High,2.130630630630631
150030097052,775,56628.0,23774.0,158474.0,238876.0,23.70602320869405,9.95244394581289,66.34153284549306,184.0,77.0,514.0,High,2.42635509636799
150030035041,835,13624.0,1378.0,0.0,15002.0,90.81455805892547,9.185441941074524,0.0,758.0,77.0,0.0,Low,1.0918544194107451
150030097072,805,24133.0,29847.0,29614.0,83594.0,28.869296839486086,35.704715649448524,35.42598751106539,232.0,287.0,285.0,Moderate,2.065566906715793
150030089362,1426,37334.0,1834.0,0.0,39168.0,95.31760620915033,4.682393790849673,0.0,1359.0,67.0,0.0,Low,1.0468239379084967
150030098031,1837,5802.0,14772.0,1257.0,21831.0,26.576886079428334,67.66524666758279,5.757867252988869,488.0,1243.0,106.0,Moderate,1.7918098117356054
150030089282,1611,62773.0,7752.0,0.0,70525.0,89.0081531371854,10.991846862814606,0.0,1434.0,177.0,0.0,Low,1.109918468628146
150030089292,1111,37026.0,6256.0,0.0,43282.0,85.54595443833463,14.454045561665357,0.0,950.0,161.0,0.0,Low,1.1445404556166536
150030038015,0,4910.0,11026.0,55926.0,71862.0,6.832540146391695,15.343296874565137,77.82416297904317,0.0,0.0,0.0,High,2.709916228326515
150039400031,1926,64726.0,62578.0,31790.0,159094.0,40.68412385130803,39.333978654129005,19.981897494562965,784.0,758.0,385.0,Low,1.7929777364325492
150030080132,1227,37618.0,1666.0,0.0,39284.0,95.75908766928012,4.240912330719886,0.0,1175.0,52.0,0.0,Low,1.0424091233071988
150030086231,1862,42184.0,3676.0,0.0,45860.0,91.98430004361099,8.015699956389009,0.0,1713.0,149.0,0.0,Low,1.08015699956389
150030080053,780,15782.0,4909.0,0.0,20691.0,76.27470881059398,23.725291189406022,0.0,595.0,185.0,0.0,Low,1.2372529118940603
150030080121,1400,40712.0,0.0,0.0,40712.0,100.0,0.0,0.0,1400.0,0.0,0.0,Low,1.0
150030107023,1436,46917.0,52.0,0.0,46969.0,99.8892886797675,0.11071132023249376,0.0,1434.0,2.0,0.0,Low,1.001107113202325
150030011021,633,0.0,0.0,0.0,0.0,0.0,0.0,0.0,0.0,0.0,0.0,No Data,0.0
150030069001,792,35699.0,847.0,0.0,36546.0,97.68237289990697,2.3176271000930333,0.0,774.0,18.0,0.0,Low,1.0231762710009302
150030068151,2378,5259.0,116.0,0.0,5375.0,97.84186046511628,2.1581395348837207,0.0,2327.0,51.0,0.0,Low,1.0215813953488373
150030051002,1172,9425.0,6111.0,3237.0,18773.0,50.20508176636659,32.55206946146061,17.2428487721728,588.0,382.0,202.0,Low,1.6703776700580621
150030089092,1531,44068.0,0.0,0.0,44068.0,100.0,0.0,0.0,1531.0,0.0,0.0,Low,1.0
150030001193,338,1999.0,12508.0,16266.0,30773.0,6.4959542456049135,40.646020862444345,52.85802489195074,22.0,137.0,179.0,High,2.463620706463458
150030043012,1440,91872.0,204.0,0.0,92076.0,99.77844389417437,0.22155610582562232,0.0,1437.0,3.0,0.0,Low,1.0022155610582562
150030042022,859,6208.0,4828.0,983.0,12019.0,51.651551709792834,40.169731258840166,8.178717031367002,444.0,345.0,70.0,Low,1.5652716532157418
150030037012,700,1609.0,964.0,1502.0,4075.0,39.48466257668712,23.65644171779141,36.85889570552147,276.0,166.0,258.0,Low,1.9737423312883435
150030084113,1139,17373.0,6772.0,1147.0,25292.0,68.68970425430966,26.7752649058991,4.535030839791238,782.0,305.0,52.0,Low,1.3584532658548159
150030065001,3210,0.0,0.0,0.0,0.0,0.0,0.0,0.0,0.0,0.0,0.0,No Data,0.0
150030095101,1131,0.0,0.0,0.0,0.0,0.0,0.0,0.0,0.0,0.0,0.0,No Data,0.0
150030077022,1448,38140.0,5403.0,0.0,43543.0,87.59157614312288,12.40842385687711,0.0,1268.0,180.0,0.0,Low,1.124084238568771
150030056012,864,7291.0,3576.0,614.0,11481.0,63.50492117411375,31.147112620851843,5.347966205034405,549.0,269.0,46.0,Low,1.4184304503092064
150030109052,1515,3658.0,30746.0,2872.0,37276.0,9.813284687198196,82.48202596845155,7.7046893443502515,149.0,1250.0,117.0,Moderate,1.9789140465715205
150030045001,981,5892.0,2076.0,0.0,7968.0,73.94578313253012,26.054216867469883,0.0,725.0,256.0,0.0,Low,1.2605421686746987
150030086273,1212,47105.0,3911.0,0.0,51016.0,92.33377763838796,7.666222361612044,0.0,1119.0,93.0,0.0,Low,1.0766622236161205
150030092012,1021,23797.0,5225.0,0.0,29022.0,81.99641651161188,18.00358348838812,0.0,837.0,184.0,0.0,Low,1.180035834883881
150030092022,1781,64298.0,0.0,0.0,64298.0,100.0,0.0,0.0,1781.0,0.0,0.0,Low,1.0
150030093023,1381,25617.0,1576.0,0.0,27193.0,94.20439083587688,5.79560916412312,0.0,1301.0,80.0,0.0,Low,1.0579560916412312
150030095121,1376,87106.0,2488.0,0.0,89594.0,97.2230283277898,2.7769716722101925,0.0,1338.0,38.0,0.0,Low,1.0277697167221018
150030086311,1620,45642.0,6961.0,0.0,52603.0,86.76691443453795,13.233085565462046,0.0,1406.0,214.0,0.0,Low,1.1323308556546205
150030056022,820,5979.0,4122.0,1501.0,11602.0,51.534218238234786,35.528357179796586,12.937424581968626,423.0,291.0,106.0,Low,1.6140320634373384
150030096105,1712,2059.0,15705.0,11334.0,29098.0,7.0760877036222425,53.9727816344766,38.95113066190116,121.0,924.0,667.0,Moderate,2.318750429582789
150030021013,858,979.0,2716.0,490.0,4185.0,23.393070489844682,64.8984468339307,11.708482676224612,201.0,557.0,100.0,Moderate,1.8831541218637993
150030091003,1557,17171.0,1072.0,0.0,18243.0,94.12377350216521,5.876226497834787,0.0,1466.0,91.0,0.0,Low,1.058762264978348
150030109044,920,1523.0,17364.0,1572.0,20459.0,7.444156605894717,84.87218339117258,7.683660002932695,68.0,781.0,71.0,Moderate,2.0023950339703798
150030037023,1009,5263.0,5196.0,7412.0,17871.0,29.44994684125119,29.075037770689942,41.475015388058864,297.0,293.0,418.0,High,2.120250685468077
150030037033,772,3890.0,1905.0,1960.0,7755.0,50.1611863313991,24.564796905222437,25.274016763378466,387.0,190.0,195.0,Low,1.7511283043197936
150030022041,1344,1016.0,2730.0,1977.0,5723.0,17.75292678665036,47.70225406255461,34.544819150795036,239.0,641.0,464.0,Moderate,2.1679189236414467
150030031031,1718,0.0,0.0,0.0,0.0,0.0,0.0,0.0,0.0,0.0,0.0,No Data,0.0
150030095092,1734,43070.0,0.0,0.0,43070.0,100.0,0.0,0.0,1734.0,0.0,0.0,Low,1.0
150030095081,1958,0.0,0.0,0.0,0.0,0.0,0.0,0.0,0.0,0.0,0.0,No Data,0.0
150030111044,1104,9112.0,23196.0,33776.0,66084.0,13.788511591308032,35.100780824405305,51.110707584286665,152.0,388.0,564.0,High,2.3732219599297864
150030060002,1487,13119.0,1161.0,0.0,14280.0,91.86974789915966,8.130252100840336,0.0,1366.0,121.0,0.0,Low,1.0813025210084033
150030080101,599,23917.0,0.0,0.0,23917.0,100.0,0.0,0.0,599.0,0.0,0.0,Low,1.0
150030034141,642,3262.0,997.0,0.0,4259.0,76.59074900211317,23.409250997886826,0.0,492.0,150.0,0.0,Low,1.2340925099788682
150030034091,1243,4098.0,0.0,0.0,4098.0,100.0,0.0,0.0,1243.0,0.0,0.0,Low,1.0
150030101012,889,122992.0,11351.0,3041.0,137384.0,89.52425318814417,8.262243055959937,2.213503755895883,796.0,73.0,20.0,Low,1.126892505677517
150030001223,744,58427.0,12854.0,455.0,71736.0,81.44725103156017,17.91847886695662,0.6342701014832163,606.0,133.0,5.0,Low,1.1918701906992306
150030064023,1884,1108.0,0.0,0.0,1108.0,100.0,0.0,0.0,1884.0,0.0,0.0,Low,1.0
150030068192,2021,3552.0,2284.0,0.0,5836.0,60.863605209047286,39.13639479095271,0.0,1230.0,791.0,0.0,Low,1.391363947909527
150030084151,1590,32048.0,843.0,0.0,32891.0,97.43698884193245,2.5630111580675563,0.0,1549.0,41.0,0.0,Low,1.0256301115806756
150030084161,1595,11208.0,0.0,0.0,11208.0,100.0,0.0,0.0,1595.0,0.0,0.0,Low,1.0
150030083022,2226,36273.0,37669.0,78.0,74020.0,49.00432315590381,50.890299918940826,0.10537692515536343,1091.0,1133.0,2.0,Moderate,1.5110105376925156
150030100003,2401,90177.0,0.0,0.0,90177.0,100.0,0.0,0.0,2401.0,0.0,0.0,Low,1.0
150030096084,2050,61921.0,13479.0,3197.0,78597.0,78.78290519994403,17.149509523264246,4.0675852767917355,1615.0,352.0,83.0,Low,1.2528468007684772
150030097062,822,123414.0,9729.0,167.0,133310.0,92.57670092266147,7.298027154752082,0.12527192258645264,761.0,60.0,1.0,Low,1.0754857099992499
150030097053,1135,22702.0,17906.0,1.0,40609.0,55.9038636755399,44.093673816149135,0.0024625083109655497,635.0,500.0,0.0,Low,1.4409859883277105
150030096092,1270,12769.0,5249.0,0.0,18018.0,70.86802086802086,29.13197913197913,0.0,900.0,370.0,0.0,Low,1.2913197913197914
150030109043,1234,3500.0,21791.0,14698.0,39989.0,8.752406911900772,54.49248543349421,36.75510765460502,108.0,672.0,454.0,Moderate,2.2800270074270426
150030001192,914,18705.0,2150.0,0.0,20855.0,89.69072164948454,10.309278350515463,0.0,820.0,94.0,0.0,Low,1.1030927835051547
150030068181,1930,4260.0,4015.0,0.0,8275.0,51.48036253776434,48.51963746223565,0.0,994.0,936.0,0.0,Low,1.4851963746223564
150030001181,1845,107855.0,14337.0,520.0,122712.0,87.89278962122694,11.683453940934871,0.4237564378381902,1622.0,216.0,8.0,Low,1.1253096681661126
150030002005,845,76466.0,9639.0,2847.0,88952.0,85.96321611655723,10.836181311268998,3.2006025721737568,726.0,92.0,27.0,Low,1.1723738645561652
150030019072,510,856.0,547.0,492.0,1895.0,45.17150395778364,28.865435356200525,25.963060686015833,230.0,147.0,132.0,Low,1.807915567282322
150030017001,1194,37226.0,7749.0,620.0,45595.0,81.64491720583398,16.99528457067661,1.3597982234894177,975.0,203.0,16.0,Low,1.1971488101765544
150030015021,1141,12881.0,2014.0,0.0,14895.0,86.47868412218865,13.521315877811347,0.0,987.0,154.0,0.0,Low,1.1352131587781134
150030001161,2140,26985.0,2532.0,3783.0,33300.0,81.03603603603604,7.603603603603604,11.36036036036036,1734.0,163.0,243.0,Low,1.3032432432432433
150030001201,579,9141.0,9907.0,2120.0,21168.0,43.18310657596372,46.80177626606198,10.015117157974302,250.0,271.0,58.0,Moderate,1.6683201058201058
150030024014,1020,564.0,1954.0,1191.0,3709.0,15.206255055270962,52.68266379077918,32.11108115394985,155.0,537.0,328.0,Moderate,2.1690482609867887
150030038025,879,4509.0,3118.0,4168.0,11795.0,38.22806273844849,26.434930055108097,35.33700720644341,336.0,232.0,311.0,Low,1.9710894446799492
150030038022,2396,1896.0,1137.0,1529.0,4562.0,41.56071898290223,24.92327926348093,33.516001753616834,996.0,597.0,803.0,Low,1.919552827707146
150030038021,295,3255.0,3642.0,2743.0,9640.0,33.7655601659751,37.780082987551864,28.45435684647303,100.0,111.0,84.0,Moderate,1.9468879668049792
150030034121,1842,15206.0,3.0,0.0,15209.0,99.9802748372674,0.019725162732592543,0.0,1842.0,0.0,0.0,Low,1.0001972516273259
150030044011,371,17089.0,0.0,0.0,17089.0,100.0,0.0,0.0,371.0,0.0,0.0,Low,1.0
150030089462,552,26402.0,4112.0,0.0,30514.0,86.52421839155797,13.475781608442027,0.0,478.0,74.0,0.0,Low,1.1347578160844203
150030041021,1090,3192.0,0.0,0.0,3192.0,100.0,0.0,0.0,1090.0,0.0,0.0,Low,1.0
150030089463,1092,17809.0,0.0,0.0,17809.0,100.0,0.0,0.0,1092.0,0.0,0.0,Low,1.0
150030089401,2144,90736.0,14708.0,0.0,105444.0,86.05136375706536,13.94863624293464,0.0,1845.0,299.0,0.0,Low,1.1394863624293463
150030086274,1243,186679.0,551.0,0.0,187230.0,99.70570955509267,0.29429044490733325,0.0,1239.0,4.0,0.0,Low,1.0029429044490734
150030037014,0,4030.0,724.0,1373.0,6127.0,65.77444099885751,11.816549698057777,22.409009303084705,0.0,0.0,0.0,Low,1.566345683042272
150030037024,46,1497.0,796.0,998.0,3291.0,45.487693710118506,24.18717714980249,30.325129140079003,21.0,11.0,14.0,Low,1.848374354299605
150030078073,1080,4283.0,371.0,0.0,4654.0,92.02836269875377,7.97163730124624,0.0,994.0,86.0,0.0,Low,1.0797163730124624
150030041011,597,2943.0,0.0,0.0,2943.0,100.0,0.0,0.0,597.0,0.0,0.0,Low,1.0
150030105072,1013,10883.0,4417.0,0.0,15300.0,71.13071895424837,28.86928104575163,0.0,721.0,292.0,0.0,Low,1.2886928104575164
150030084052,1150,15925.0,0.0,0.0,15925.0,100.0,0.0,0.0,1150.0,0.0,0.0,Low,1.0
150030019073,521,1160.0,408.0,362.0,1930.0,60.10362694300518,21.139896373056995,18.756476683937823,313.0,110.0,98.0,Low,1.5865284974093263
150039400041,2354,438016.0,74706.0,516859.0,1029581.0,42.54313162344682,7.255961405659194,50.20090697089399,1001.0,171.0,1182.0,High,2.0765777534744716
150030089185,950,24398.0,0.0,0.0,24398.0,100.0,0.0,0.0,950.0,0.0,0.0,Low,1.0
150030083014,1683,124784.0,150255.0,182480.0,457519.0,27.274058563688065,32.84125905153666,39.884682384775274,459.0,553.0,671.0,High,2.126106238210872
150030089173,1402,68496.0,9616.0,0.0,78112.0,87.68947152806227,12.31052847193773,0.0,1229.0,173.0,0.0,Low,1.1231052847193772
150030089343,792,2004471.0,202923.0,0.0,2207394.0,90.80712369427478,9.192876305725212,0.0,719.0,73.0,0.0,Low,1.091928763057252
150030089212,1192,58399.0,10759.0,0.0,69158.0,84.44286994996963,15.557130050030366,0.0,1007.0,185.0,0.0,Low,1.1555713005003037
150030089382,2303,21083.0,0.0,0.0,21083.0,100.0,0.0,0.0,2303.0,0.0,0.0,Low,1.0
150030087052,1714,16712.0,1950.0,1175.0,19837.0,84.24660987044412,9.830115440842869,5.923274688713011,1444.0,168.0,102.0,Low,1.2167666481826889
150030080111,2440,144777.0,20769.0,0.0,165546.0,87.45424232539595,12.545757674604038,0.0,2134.0,306.0,0.0,Low,1.1254575767460404
150030097074,1298,1662245.0,256776.0,17242.0,1936263.0,85.84810018060564,13.261421614728992,0.8904782046653786,1114.0,172.0,12.0,Low,1.1504237802405974
150030056023,2174,22599.0,12643.0,1906.0,37148.0,60.83503822547647,34.03413373532895,5.130828039194573,1323.0,740.0,112.0,Low,1.4429578981371811
150030099051,909,124510.0,23357.0,7415.0,155282.0,80.18315065493748,15.041666130008629,4.775183215053902,729.0,137.0,43.0,Low,1.2459203256011644
150030068171,1700,19942.0,0.0,0.0,19942.0,100.0,0.0,0.0,1700.0,0.0,0.0,Low,1.0
150030027024,1096,11646.0,3843.0,0.0,15489.0,75.18884369552585,24.811156304474142,0.0,824.0,272.0,0.0,Low,1.2481115630447415
150030089302,1210,43435.0,3863.0,0.0,47298.0,91.8326356294135,8.167364370586494,0.0,1111.0,99.0,0.0,Low,1.081673643705865
150030089295,1336,11938.0,0.0,0.0,11938.0,100.0,0.0,0.0,1336.0,0.0,0.0,Low,1.0
150030089293,981,19376.0,56.0,0.0,19432.0,99.71181556195965,0.2881844380403458,0.0,978.0,3.0,0.0,Low,1.0028818443804035
150030035031,955,13632.0,6253.0,0.0,19885.0,68.55418657279357,31.44581342720644,0.0,655.0,300.0,0.0,Low,1.3144581342720643
150030034081,989,3842.0,0.0,0.0,3842.0,100.0,0.0,0.0,989.0,0.0,0.0,Low,1.0
150030034082,774,5968.0,0.0,0.0,5968.0,100.0,0.0,0.0,774.0,0.0,0.0,Low,1.0
150030103093,1030,29476.0,3463.0,0.0,32939.0,89.48662679498467,10.513373205015332,0.0,922.0,108.0,0.0,Low,1.1051337320501533
150039819001,438,70182.0,280727.0,852366.0,1203275.0,5.8325819118655335,23.330244540940352,70.83717354719413,26.0,102.0,310.0,High,2.6500459163532857
150030009052,952,37703.0,0.0,0.0,37703.0,100.0,0.0,0.0,952.0,0.0,0.0,Low,1.0
150030016011,1169,10944.0,8020.0,344.0,19308.0,56.68116842759478,41.53718665837995,1.7816449140252746,663.0,486.0,21.0,Low,1.451004764864305
150030024041,610,1337.0,3873.0,2664.0,7874.0,16.97993395986792,49.18719837439675,33.832867665735336,104.0,300.0,206.0,Moderate,2.1685293370586742
150030028021,493,47908.0,0.0,0.0,47908.0,100.0,0.0,0.0,493.0,0.0,0.0,Low,1.0
150030028022,1629,28372.0,0.0,0.0,28372.0,100.0,0.0,0.0,1629.0,0.0,0.0,Low,1.0
150030007004,819,16259.0,25.0,0.0,16284.0,99.84647506755097,0.15352493244902973,0.0,818.0,1.0,0.0,Low,1.0015352493244902
150030037034,0,6606.0,13166.0,132779.0,152551.0,4.330355094361885,8.630556338535964,87.03908856710216,0.0,0.0,0.0,High,2.827087334727403
150030004012,1976,201941.0,20685.0,0.0,222626.0,90.70863241490213,9.291367585097877,0.0,1792.0,184.0,0.0,Low,1.0929136758509788
150030004023,564,100261.0,27069.0,403.0,127733.0,78.49263698496081,21.19186114786312,0.3155018671760626,443.0,120.0,2.0,Low,1.2182286488221525
150030103092,1659,59113.0,8200.0,21.0,67334.0,87.7907149434164,12.178097246561915,0.031187810021682954,1456.0,202.0,1.0,Low,1.1224047286660528
150030086343,1329,21746.0,1484.0,0.0,23230.0,93.61170899698665,6.388291003013345,0.0,1244.0,85.0,0.0,Low,1.0638829100301335
150030083012,2233,8548.0,26957.0,45428.0,80933.0,10.561822742268296,33.30779780806346,56.13037944966825,236.0,744.0,1253.0,High,2.4556855670739997
150030087063,1879,37838.0,23110.0,186282.0,247230.0,15.304776928366298,9.347571087651176,75.34765198398252,288.0,176.0,1416.0,High,2.600428750556162
150030086322,2310,57221.0,0.0,0.0,57221.0,100.0,0.0,0.0,2310.0,0.0,0.0,Low,1.0
150030110002,1644,684431.0,67983.0,6582.0,758996.0,90.1758375538211,8.956964200074836,0.8671982461040638,1482.0,147.0,14.0,Low,1.1069136069228296
150030068133,1188,6056.0,6349.0,1.0,12406.0,48.81508947283572,51.17684991133322,0.008060615831049492,580.0,608.0,0.0,Moderate,1.5119297114299532
150030070011,1159,107320.0,17.0,0.0,107337.0,99.98416203173184,0.01583796826816475,0.0,1159.0,0.0,0.0,Low,1.0001583796826816
150030075083,1050,25973.0,0.0,0.0,25973.0,100.0,0.0,0.0,1050.0,0.0,0.0,Low,1.0
150030067042,270,25822.0,0.0,0.0,25822.0,100.0,0.0,0.0,270.0,0.0,0.0,Low,1.0
150030067043,1280,45397.0,4050.0,0.0,49447.0,91.8094120978017,8.190587902198313,0.0,1175.0,105.0,0.0,Low,1.081905879021983
150030042021,867,11656.0,207.0,0.0,11863.0,98.25507881648824,1.7449211835117593,0.0,852.0,15.0,0.0,Low,1.0174492118351175
150030107013,1575,45253.0,30115.0,202782.0,278150.0,16.269279165917673,10.826891964767212,72.9038288693151,256.0,171.0,1148.0,High,2.5663454970339745
150030021022,1273,12786.0,10312.0,488.0,23586.0,54.21012465021623,43.72085135249724,2.069023997286526,690.0,557.0,26.0,Low,1.478588993470703
150030093022,521,14388.0,1945.0,0.0,16333.0,88.091593705994,11.908406294006001,0.0,459.0,62.0,0.0,Low,1.11908406294006
150030036061,1562,4937.0,9579.0,3035.0,17551.0,28.129451313315478,54.578086718705485,17.292461967979033,439.0,853.0,270.0,Moderate,1.8916301065466354
150030034092,749,4540.0,0.0,0.0,4540.0,100.0,0.0,0.0,749.0,0.0,0.0,Low,1.0
150030089093,1335,35409.0,1268.0,0.0,36677.0,96.54279248575402,3.457207514245985,0.0,1289.0,46.0,0.0,Low,1.0345720751424599
150030007003,1341,23945.0,0.0,0.0,23945.0,100.0,0.0,0.0,1341.0,0.0,0.0,Low,1.0
150030001221,1207,25616.0,5781.0,160.0,31557.0,81.17374908895016,18.319231866146975,0.5070190449028742,980.0,221.0,6.0,Low,1.1933326995595273
150030074002,1846,34325.0,131307.0,343112.0,508744.0,6.747008318525624,25.810034123252557,67.44295755822182,125.0,476.0,1245.0,High,2.606959492396962
150030023021,1068,1546.0,3508.0,2450.0,7504.0,20.60234541577825,46.74840085287846,32.649253731343286,220.0,499.0,349.0,Moderate,2.1204690831556503
150030086275,884,768669.0,53311.0,7333.0,829313.0,92.687441291768,6.4283328489967,0.8842258592352948,819.0,57.0,8.0,Low,1.0819678456746729
150030086312,1399,375010.0,38422.0,0.0,413432.0,90.70657326960661,9.293426730393389,0.0,1269.0,130.0,0.0,Low,1.092934267303934
150030086271,1485,5666546.0,719451.0,0.0,6385997.0,88.73392831221186,11.26607168778814,0.0,1318.0,167.0,0.0,Low,1.1126607168778815
150030089371,2323,25874.0,1262.0,0.0,27136.0,95.34935141509435,4.65064858490566,0.0,2215.0,108.0,0.0,Low,1.0465064858490567
150030089312,1472,70334.0,9303.0,0.0,79637.0,88.31824403229655,11.681755967703454,0.0,1300.0,172.0,0.0,Low,1.1168175596770344
150039818021,1522,188013.0,21480.0,172256.0,381749.0,49.25042370772418,5.626733796290233,45.12284249598558,750.0,86.0,687.0,Low,1.958724187882614
150030047022,654,32447.0,5425.0,0.0,37872.0,85.67543303760033,14.324566962399663,0.0,560.0,94.0,0.0,Low,1.1432456696239965
150030115004,2903,92637.0,0.0,0.0,92637.0,100.0,0.0,0.0,2903.0,0.0,0.0,Low,1.0
150030087041,377,131303.0,21007.0,17300.0,169610.0,77.4146571546489,12.385472554684275,10.199870290666823,292.0,47.0,38.0,Low,1.3278521313601792
150030075082,992,38436.0,0.0,0.0,38436.0,100.0,0.0,0.0,992.0,0.0,0.0,Low,1.0
150030068173,1501,16315.0,0.0,0.0,16315.0,100.0,0.0,0.0,1501.0,0.0,0.0,Low,1.0
150030114011,708,19395.0,55988.0,122340.0,197723.0,9.809177485674404,28.31638200917445,61.87444050515114,69.0,200.0,438.0,High,2.5206526301947676
150030068142,1508,3969.0,11.0,0.0,3980.0,99.72361809045226,0.2763819095477387,0.0,1504.0,4.0,0.0,Low,1.0027638190954773
150030005004,537,12909.0,34339.0,31255.0,78503.0,16.4439575557622,43.74227736519624,39.813765079041566,88.0,235.0,214.0,Moderate,2.2336980752327937
150030086242,1806,24017.0,21182.0,11184.0,56383.0,42.59617260521789,37.56806129507121,19.835766099710906,769.0,678.0,358.0,Low,1.7723959349449303
150030086241,1497,38981.0,4698.0,2.0,43681.0,89.24017307296079,10.755248277283028,0.0045786497561869,1336.0,161.0,0.0,Low,1.107644055767954
150030086251,939,18872.0,0.0,0.0,18872.0,100.0,0.0,0.0,939.0,0.0,0.0,Low,1.0
150030088021,1251,38897.0,1799.0,673.0,41369.0,94.02451110735092,4.348666876163311,1.6268220164857745,1176.0,54.0,20.0,Low,1.0760231090913486
150030088023,1576,45396.0,48.0,0.0,45444.0,99.89437549511486,0.10562450488513335,0.0,1574.0,2.0,0.0,Low,1.0010562450488514
150030089331,2216,386218.0,13853.0,0.0,400071.0,96.53736461778034,3.462635382219656,0.0,2139.0,77.0,0.0,Low,1.0346263538221965
150030087061,1338,18873.0,0.0,0.0,18873.0,100.0,0.0,0.0,1338.0,0.0,0.0,Low,1.0
150030073024,2060,34926.0,19319.0,0.0,54245.0,64.38565766430085,35.61434233569914,0.0,1326.0,734.0,0.0,Low,1.3561434233569913
150030078121,701,42984.0,11210.0,88.0,54282.0,79.18647065325523,20.651412991415203,0.1621163553295752,555.0,145.0,1.0,Low,1.2097564570207435
150030112022,821,82575.0,17628.0,380478.0,480681.0,17.178752644685353,3.6672970223495414,79.15395033296511,141.0,30.0,650.0,High,2.6197519768827977
150030046004,1243,4694.0,1060.0,0.0,5754.0,81.57803267292319,18.421967327076814,0.0,1014.0,229.0,0.0,Low,1.1842196732707682
150030089133,1357,25848.0,561.0,0.0,26409.0,97.87572418493696,2.1242758150630467,0.0,1328.0,29.0,0.0,Low,1.0212427581506305
150030036051,914,6012.0,6389.0,4188.0,16589.0,36.240882512508286,38.513472783169576,25.24564470432214,331.0,352.0,231.0,Moderate,1.8900476219181386
150030001212,717,3681.0,15166.0,41039.0,59886.0,6.146678689510069,25.32478375580269,68.52853755468725,44.0,182.0,491.0,High,2.6238185886517718
150030113001,1078,259766.0,33768.0,218.0,293752.0,88.43037664424412,11.495411095073395,0.07421226068248046,953.0,124.0,1.0,Low,1.1164383561643836
150030003012,1666,221591.0,9719.0,810.0,232120.0,95.46398414613131,4.187058418059624,0.34895743580906424,1590.0,70.0,6.0,Low,1.0488497328967776
150030012021,1873,32264.0,4281.0,0.0,36545.0,88.28567519496511,11.714324805034888,0.0,1654.0,219.0,0.0,Low,1.117143248050349
150030086111,26,1187943.0,216629.0,146578.0,1551150.0,76.5846629919737,13.965702865615834,9.449634142410469,20.0,4.0,2.0,Low,1.3286497115043678
150030096081,1029,4900.0,24278.0,6711.0,35889.0,13.65320850399844,67.64746858368859,18.699322912312965,140.0,696.0,192.0,Moderate,2.0504611440831453
150030046001,797,0.0,0.0,0.0,0.0,0.0,0.0,0.0,0.0,0.0,0.0,No Data,0.0
150030063012,1329,32739.0,0.0,0.0,32739.0,100.0,0.0,0.0,1329.0,0.0,0.0,Low,1.0
150030074001,3314,305666.0,205786.0,318422.0,829874.0,36.83282040406134,24.797258378982832,38.369921216955824,1221.0,822.0,1272.0,High,2.015371008128945
150030084082,3797,27553.0,72224.0,38260.0,138037.0,19.960590276520062,52.322203467186334,27.717206256293604,758.0,1987.0,1052.0,Moderate,2.0775661597977355
150030100001,1119,7795640.0,1247349.0,594510.0,9637499.0,80.88862058507088,12.942662821547374,6.168716593381748,905.0,145.0,69.0,Low,1.2528009600831087
150030105051,1214,77668.0,41877.0,399596.0,519141.0,14.960868049335344,8.06659462458176,76.97253732608289,182.0,98.0,934.0,High,2.6201166927674757
150030018041,503,2935.0,1236.0,1151.0,5322.0,55.14844043592634,23.22435174746336,21.627207816610298,277.0,117.0,109.0,Low,1.6647876738068395
150030001101,1727,33884.0,7075.0,0.0,40959.0,82.72662906809248,17.273370931907518,0.0,1429.0,298.0,0.0,Low,1.1727337093190753
150030064011,2191,18980.0,2655.0,0.0,21635.0,87.72821816501039,12.2717818349896,0.0,1922.0,269.0,0.0,Low,1.122717818349896
150030063013,1276,19032.0,2207.0,0.0,21239.0,89.60873864117896,10.391261358821037,0.0,1143.0,133.0,0.0,Low,1.1039126135882105
150030049002,1107,20216.0,0.0,0.0,20216.0,100.0,0.0,0.0,1107.0,0.0,0.0,Low,1.0
150030062021,1410,11523.0,0.0,0.0,11523.0,100.0,0.0,0.0,1410.0,0.0,0.0,Low,1.0
150030004011,563,51510.0,6212.0,0.0,57722.0,89.23807213887252,10.761927861127472,0.0,502.0,61.0,0.0,Low,1.1076192786112746
150030010001,1718,0.0,0.0,0.0,0.0,0.0,0.0,0.0,0.0,0.0,0.0,No Data,0.0
150030097041,1977,379938.0,43383.0,4086.0,427407.0,88.89372424878394,10.150278306157832,0.9559974450582231,1757.0,201.0,19.0,Low,1.1206227319627429
150030103052,740,29729.0,9760.0,3770.0,43259.0,68.72327145796251,22.561779051758016,8.71494949027948,509.0,167.0,64.0,Low,1.3999167803231698
150030003011,1874,87100.0,23872.0,3290.0,114262.0,76.2283173758555,20.892335159545606,2.8793474645989043,1429.0,392.0,54.0,Low,1.266510300887434
150030004022,2327,127411.0,26672.0,805.0,154888.0,82.26008470636847,17.22018490780435,0.5197303858271783,1914.0,401.0,12.0,Low,1.182596456794587
150039900010,0,2201.0,676.0,18577635.0,18580512.0,0.01184574461672531,0.0036382205183581595,99.98451603486491,0.0,0.0,0.0,High,2.999726702902482
150030006002,1465,97756.0,3949.0,85124.0,186829.0,52.32378271039293,2.11369755230719,45.56251973729989,767.0,31.0,667.0,Low,1.9323873702690695
150030018033,970,1031.0,950.0,4378.0,6359.0,16.213241075640823,14.93945588929077,68.8473030350684,157.0,145.0,668.0,High,2.5263406195942757
150030024011,743,428.0,2216.0,3304.0,5948.0,7.195696032279758,37.25622057834566,55.54808338937458,53.0,277.0,413.0,High,2.4835238735709484
150030027023,1695,9554.0,0.0,0.0,9554.0,100.0,0.0,0.0,1695.0,0.0,0.0,Low,1.0
150030103082,2137,61560.0,11374.0,0.0,72934.0,84.40507856418131,15.594921435818684,0.0,1804.0,333.0,0.0,Low,1.1559492143581869
150030050004,1215,12341.0,1375.0,64.0,13780.0,89.55732946298984,9.978229317851959,0.46444121915820025,1088.0,121.0,6.0,Low,1.1090711175616836
150030006001,0,228820.0,0.0,0.0,228820.0,100.0,0.0,0.0,0.0,0.0,0.0,Low,1.0
150030001103,1137,291899.0,7573.0,12.0,299484.0,97.46731044062454,2.52868266752147,0.004006891853988861,1108.0,29.0,0.0,Low,1.0253669645122945
150030107022,1031,23131.0,6198.0,0.0,29329.0,78.86733267414505,21.132667325854957,0.0,813.0,218.0,0.0,Low,1.2113266732585495
150030001071,1308,73899.0,12683.0,4144.0,90726.0,81.4529462337147,13.979454621607918,4.567599144677381,1065.0,183.0,60.0,Low,1.2311465291096269
150030078071,847,3416.0,57.0,0.0,3473.0,98.35876763604952,1.6412323639504751,0.0,833.0,14.0,0.0,Low,1.0164123236395048
150030077021,1160,48670.0,4141.0,153.0,52964.0,91.89260629861793,7.818518238803716,0.2888754625783551,1066.0,91.0,3.0,Low,1.0839626916396043
150030078082,1262,3137.0,4406.0,118.0,7661.0,40.94765696384284,57.512074141756955,1.5402688944002088,517.0,726.0,19.0,Moderate,1.6059261193055736
150030075041,1499,54317.0,27836.0,11381.0,93534.0,58.071931062501335,29.760301066991683,12.167767870506982,870.0,446.0,182.0,Low,1.5409583680800565
150030105082,1479,57363.0,16.0,0.0,57379.0,99.97211523379633,0.027884766203663362,0.0,1479.0,0.0,0.0,Low,1.0002788476620366
150030105053,719,28028.0,6476.0,1978.0,36482.0,76.82692834822652,17.751219779617344,5.4218518721561315,552.0,128.0,39.0,Low,1.285949235239296
150030105081,856,15577.0,9319.0,104869.0,129765.0,12.004007243863908,7.181443378414827,80.81454937772126,103.0,61.0,692.0,High,2.6881054213385736
150030078075,1665,10208.0,1648.0,0.0,11856.0,86.09986504723346,13.900134952766532,0.0,1434.0,231.0,0.0,Low,1.1390013495276654
150030077023,1616,1900.0,37.0,0.0,1937.0,98.08982963345379,1.9101703665462055,0.0,1585.0,31.0,0.0,Low,1.0191017036654622
150030084112,1711,16435.0,0.0,0.0,16435.0,100.0,0.0,0.0,1711.0,0.0,0.0,Low,1.0
150030089311,417,1465539.0,135627.0,124.0,1601290.0,91.52239756696163,8.469858676442119,0.007743756596244277,382.0,35.0,0.0,Low,1.0848534618963461
150039806001,0,1379439.0,194894.0,0.0,1574333.0,87.62053517267313,12.379464827326874,0.0,0.0,0.0,0.0,Low,1.1237946482732688
150030095071,2024,80694.0,6480.0,0.0,87174.0,92.566590956019,7.433409043981004,0.0,1874.0,150.0,0.0,Low,1.07433409043981
150039807001,0,1337257.0,294206.0,0.0,1631463.0,81.96673782978836,18.033262170211646,0.0,0.0,0.0,0.0,Low,1.1803326217021164
150030100002,777,2881278.0,210538.0,1089.0,3092905.0,93.15766245649316,6.807127926657948,0.03520961684888479,724.0,53.0,0.0,Low,1.0687754716035571
150030096082,905,4336371.0,330968.0,21560.0,4688899.0,92.4816465443167,7.058544020675216,0.4598094350080904,837.0,64.0,4.0,Low,1.079781628906914
150039800001,0,516821.0,11061.0,255336.0,783218.0,65.98686444897844,1.4122504845394257,32.60088506648213,0.0,0.0,0.0,Low,1.6661402061750368
150030001141,626,20969.0,17213.0,4758.0,42940.0,48.83325570563577,40.08616674429437,11.080577550069865,306.0,251.0,69.0,Low,1.622473218444341
150030009011,1040,58724.0,6431.0,0.0,65155.0,90.12969073747217,9.870309262527819,0.0,937.0,103.0,0.0,Low,1.098703092625278
150030073021,1318,48142.0,43476.0,62760.0,154378.0,31.184495200093277,28.16204381453316,40.65346098537356,411.0,371.0,536.0,High,2.0946896578528027
150030083013,1052,5005.0,14411.0,13046.0,32462.0,15.418027231840306,44.39344464296716,40.18852812519253,162.0,467.0,423.0,Moderate,2.247705008933522
150030073022,936,17816.0,32561.0,3073.0,53450.0,33.33208606173994,60.91861552853134,5.749298409728718,312.0,570.0,54.0,Moderate,1.7241721234798877
150030106023,2169,80934.0,5014.0,0.0,85948.0,94.16624005212454,5.83375994787546,0.0,2042.0,127.0,0.0,Low,1.0583375994787545
150030089063,1264,42923.0,0.0,0.0,42923.0,100.0,0.0,0.0,1264.0,0.0,0.0,Low,1.0
150030089211,1328,26296.0,0.0,0.0,26296.0,100.0,0.0,0.0,1328.0,0.0,0.0,Low,1.0
150030106012,1364,39639.0,1153.0,56.0,40848.0,97.04024676850764,2.822659616137877,0.13709361535448492,1324.0,39.0,2.0,Low,1.0309684684684686
150030103033,658,762586.0,129798.0,558076.0,1450460.0,52.575458819960566,8.948747293961915,38.47579388607752,346.0,59.0,253.0,Low,1.8590033506611696
150030112011,889,32715.0,5432.0,1065.0,39212.0,83.43109252269714,13.852902172804244,2.716005304498623,742.0,123.0,24.0,Low,1.1928491278180149
150030111061,1354,3698.0,2473.0,3063.0,9234.0,40.04764998917046,26.781459822395494,33.17089018843405,542.0,363.0,449.0,Low,1.931232401992636
150030036042,1487,113259.0,93319.0,49455.0,256033.0,44.236094565934856,36.44803599535997,19.315869438705167,658.0,542.0,287.0,Low,1.750797748727703
150030102021,2834,70934.0,53026.0,730612.0,854572.0,8.300529387810506,6.204977462402232,85.49449314978726,235.0,176.0,2423.0,High,2.7719396376197674
150030102024,1050,8242.0,10946.0,9095.0,28283.0,29.141180214262985,38.7016935968603,32.15712618887671,306.0,406.0,338.0,Moderate,2.0301594597461374
150030111053,934,18056.0,876.0,0.0,18932.0,95.37291358546376,4.627086414536235,0.0,891.0,43.0,0.0,Low,1.0462708641453624
150030009012,1409,560.0,4628.0,17426.0,22614.0,2.4763420889714336,20.465198549571063,77.05845936145751,35.0,288.0,1086.0,High,2.745821172724861
150030001082,586,6629.0,19167.0,39332.0,65128.0,10.178417884780739,29.429738361380664,60.39184375383859,60.0,172.0,354.0,High,2.5021342586905786
150030001081,1070,54907.0,4914.0,0.0,59821.0,91.78549338860935,8.214506611390648,0.0,982.0,88.0,0.0,Low,1.0821450661139065
150030106021,1243,19737.0,3346.0,0.0,23083.0,85.50448381926093,14.49551618073907,0.0,1063.0,180.0,0.0,Low,1.1449551618073908
150030106013,924,62316.0,7334.0,0.0,69650.0,89.47020818377602,10.529791816223977,0.0,827.0,97.0,0.0,Low,1.1052979181622398
150030105032,1590,29019.0,0.0,0.0,29019.0,100.0,0.0,0.0,1590.0,0.0,0.0,Low,1.0
150030013002,1267,43051.0,11194.0,0.0,54245.0,79.36399668172182,20.63600331827818,0.0,1006.0,261.0,0.0,Low,1.2063600331827817
150039808001,0,56519.0,1708.0,0.0,58227.0,97.06665292733612,2.933347072663884,0.0,0.0,0.0,0.0,Low,1.0293334707266388
150030106022,1881,261958.0,21596.0,715998.0,999552.0,26.207540978358306,2.1605679344346265,71.63189108720707,493.0,41.0,1347.0,High,2.4542435010884875
150030103053,2668,29262.0,33120.0,12330.0,74712.0,39.16639897205268,44.330228075811114,16.503372952136203,1045.0,1183.0,440.0,Moderate,1.7733697398008352
150030002003,1636,8379.0,22593.0,13360.0,44332.0,18.900568438148515,50.96318686276279,30.136244699088692,309.0,834.0,493.0,Moderate,2.112356762609402
150030087022,1383,1726.0,123.0,0.0,1849.0,93.34775554353705,6.652244456462952,0.0,1291.0,92.0,0.0,Low,1.0665224445646295
150030064022,1192,9201.0,40078.0,8569.0,57848.0,15.90547642096529,69.2815654819527,14.812958097082007,190.0,826.0,177.0,Moderate,1.9890748167611672
150030111051,920,311928.0,65356.0,24858.0,402142.0,77.5666306926409,16.251970696918004,6.181398610441088,714.0,150.0,57.0,Low,1.2861476791780018
150030113002,1089,111926.0,97.0,0.0,112023.0,99.91341063888666,0.0865893611133428,0.0,1088.0,1.0,0.0,Low,1.0008658936111334
150030111032,1127,10041.0,21712.0,7050.0,38803.0,25.876865190835762,55.95443651264077,18.168698296523463,292.0,631.0,205.0,Moderate,1.9229183310568772
150030111043,1399,1497968.0,542735.0,271332.0,2312035.0,64.7900226423908,23.474341867662037,11.735635489947168,906.0,328.0,164.0,Low,1.4694561284755638
150030085021,2421,28177.0,3846.0,0.0,32023.0,87.98988227211692,12.010117727883083,0.0,2130.0,291.0,0.0,Low,1.1201011772788307
150030115001,2301,14046.0,561.0,65.0,14672.0,95.73336968375136,3.82360959651036,0.443020719738277,2203.0,88.0,10.0,Low,1.047096510359869
150030078074,1027,64014.0,1299.0,1188.0,66501.0,96.26020661343439,1.9533540849009787,1.7864393016646367,989.0,20.0,18.0,Low,1.0552623268823025
150030084051,1773,109288.0,6492.0,0.0,115780.0,94.39281395750562,5.607186042494386,0.0,1674.0,99.0,0.0,Low,1.056071860424944
150030115003,2143,1783940.0,266545.0,0.0,2050485.0,87.00088027954362,12.99911972045638,0.0,1864.0,279.0,0.0,Low,1.1299911972045638
150030091002,1942,21869.0,2087.0,157.0,24113.0,90.69381661344504,8.65508232073985,0.6511010658151205,1761.0,168.0,13.0,Low,1.099572844523701
150030111064,897,73171.0,27800.0,6518.0,107489.0,68.07301212217064,25.863111574207593,6.0638763036217656,611.0,232.0,54.0,Low,1.3799086418145112
150030113003,3432,21928.0,45870.0,79851.0,147649.0,14.851438208182921,31.066922227715732,54.081639564101344,510.0,1066.0,1856.0,High,2.3923020135591844
150030003022,1421,25789.0,0.0,0.0,25789.0,100.0,0.0,0.0,1421.0,0.0,0.0,Low,1.0
150030089121,1490,35472.0,13266.0,0.0,48738.0,72.78099224424473,27.219007755755264,0.0,1084.0,406.0,0.0,Low,1.2721900775575525
150030084081,2064,644952.0,444937.0,199806.0,1289695.0,50.00810269094631,34.49939714428606,15.49250016476764,1032.0,712.0,320.0,Low,1.6548439747382133
150030083011,0,51467.0,4760.0,0.0,56227.0,91.53431625375708,8.465683746242908,0.0,0.0,0.0,0.0,Low,1.084656837462429
150030089281,1785,44278.0,59738.0,275991.0,380007.0,11.65189062306747,15.720236732481244,72.62787264445129,208.0,281.0,1296.0,High,2.609759820213838
150039810001,0,441482.0,167784.0,29849.0,639115.0,69.07708315404896,26.252552357556937,4.670364488394108,0.0,0.0,0.0,Low,1.3559328133434514
150039811001,30,16190.0,17335.0,4314.0,37839.0,42.78654298475118,45.81252147255477,11.400935542694047,13.0,14.0,3.0,Moderate,1.6861439255794286
150030112021,794,25849.0,0.0,0.0,25849.0,100.0,0.0,0.0,794.0,0.0,0.0,Low,1.0
150030084101,1363,86112.0,10710.0,473.0,97295.0,88.50608972711855,11.007759905442212,0.4861503674392312,1206.0,150.0,7.0,Low,1.1198006064032067
150030084111,848,271852.0,23379.0,216.0,295447.0,92.01379604463746,7.913094395949188,0.07310955941336349,780.0,67.0,1.0,Low,1.0805931351477591
150030086091,1966,111862.0,368782.0,414474.0,895118.0,12.496899850075632,41.199260879571185,46.30383927035318,246.0,810.0,910.0,High,2.3380693942027757
150039803001,0,222706.0,26718.0,0.0,249424.0,89.28811982808391,10.711880171916095,0.0,0.0,0.0,0.0,Low,1.1071188017191609
150030089261,1736,16436.0,390.0,0.0,16826.0,97.68215856412694,2.3178414358730537,0.0,1696.0,40.0,0.0,Low,1.0231784143587306
150030013001,894,125508.0,85968.0,237133.0,448609.0,27.97714713703916,19.163235690768577,52.859617172192266,250.0,171.0,473.0,High,2.248824700351531
150030086101,1010,23339.0,0.0,0.0,23339.0,100.0,0.0,0.0,1010.0,0.0,0.0,Low,1.0
150030007002,673,19363.0,25944.0,14724.0,60031.0,32.2550015825157,43.217670870050476,24.527327547433824,217.0,291.0,165.0,Moderate,1.9227232596491812
150030005001,742,7078.0,28722.0,41166.0,76966.0,9.19626848218694,37.31777668061222,53.48595483720084,68.0,277.0,397.0,High,2.442896863550139
150030001072,1210,177543.0,30111.0,0.0,207654.0,85.4994365627438,14.500563437256206,0.0,1035.0,175.0,0.0,Low,1.145005634372562
150030090001,1552,34331.0,0.0,0.0,34331.0,100.0,0.0,0.0,1552.0,0.0,0.0,Low,1.0
150030012012,1723,27493.0,0.0,0.0,27493.0,100.0,0.0,0.0,1723.0,0.0,0.0,Low,1.0
150030009031,1133,20121.0,2931.0,0.0,23052.0,87.2852680895367,12.7147319104633,0.0,989.0,144.0,0.0,Low,1.127147319104633
150030012011,1358,30787.0,0.0,0.0,30787.0,100.0,0.0,0.0,1358.0,0.0,0.0,Low,1.0
150030013004,765,23269.0,0.0,0.0,23269.0,100.0,0.0,0.0,765.0,0.0,0.0,Low,1.0
150030013003,1179,19062.0,4158.0,0.0,23220.0,82.09302325581396,17.906976744186046,0.0,968.0,211.0,0.0,Low,1.1790697674418604
150030055001,2057,100104.0,377.0,0.0,100481.0,99.62480468944378,0.37519531055622457,0.0,2049.0,8.0,0.0,Low,1.0037519531055623
150030089061,1012,9931.0,0.0,0.0,9931.0,100.0,0.0,0.0,1012.0,0.0,0.0,Low,1.0
150030049003,993,39399.0,27697.0,168324.0,235420.0,16.73562144252825,11.764930762042306,71.49944779542945,166.0,117.0,710.0,High,2.547638263529012
150030017002,562,3479.0,2410.0,3951.0,9840.0,35.35569105691057,24.491869918699187,40.15243902439025,199.0,138.0,226.0,High,2.0479674796747966
150030020062,927,548.0,2698.0,1651.0,4897.0,11.190524811108842,55.09495609556871,33.714519093322444,104.0,511.0,313.0,Moderate,2.225239942822136
150030024012,1079,7946.0,5881.0,342.0,14169.0,56.08017502999506,41.506104876843814,2.4137200931611265,605.0,448.0,26.0,Low,1.4633354506316607
150030026004,1320,4782.0,2186.0,504.0,7472.0,63.99892933618844,29.255888650963595,6.745182012847965,845.0,386.0,89.0,Low,1.4274625267665952
150030052002,1550,24146.0,16369.0,5985.0,46500.0,51.92688172043011,35.20215053763441,12.870967741935486,805.0,546.0,200.0,Low,1.6094408602150538
150030060003,1487,20575.0,21234.0,14244.0,56053.0,36.706331507680225,37.882004531425615,25.411663960894153,546.0,563.0,378.0,Moderate,1.8870533245321393
150030057002,858,1186.0,1108.0,666.0,2960.0,40.06756756756757,37.432432432432435,22.5,344.0,321.0,193.0,Low,1.8243243243243243
150030018031,712,35800.0,1606.0,0.0,37406.0,95.70657113832006,4.293428861679945,0.0,681.0,31.0,0.0,Low,1.0429342886167994
150030089291,660,58395.0,3501.0,0.0,61896.0,94.34373788290034,5.656262117099651,0.0,623.0,37.0,0.0,Low,1.0565626211709964
150030089301,917,27354.0,0.0,0.0,27354.0,100.0,0.0,0.0,917.0,0.0,0.0,Low,1.0
150030089091,1013,24651.0,2553.0,0.0,27204.0,90.61535068372298,9.384649316277018,0.0,918.0,95.0,0.0,Low,1.0938464931627703
150030089183,1041,16967.0,6690.0,0.0,23657.0,71.72084372490171,28.279156275098277,0.0,747.0,294.0,0.0,Low,1.2827915627509827
150030075042,1794,4286.0,0.0,0.0,4286.0,100.0,0.0,0.0,1794.0,0.0,0.0,Low,1.0
150030095072,1256,5954.0,2012.0,1979.0,9945.0,59.869281045751634,20.231271995977878,19.899446958270488,752.0,254.0,250.0,Low,1.6003016591251886
150030020031,847,1143.0,555.0,430.0,2128.0,53.712406015037594,26.080827067669173,20.206766917293233,455.0,221.0,171.0,Low,1.6649436090225564
150030020041,501,38111.0,21027.0,128314.0,187452.0,20.33107142095043,11.217271621535113,68.45165695751446,102.0,56.0,343.0,High,2.48120585536564
150030019011,251,1775.0,1196.0,3827.0,6798.0,26.110620770814947,17.593409826419535,56.29596940276552,66.0,44.0,141.0,High,2.301853486319506
150030020052,876,28023.0,0.0,0.0,28023.0,100.0,0.0,0.0,876.0,0.0,0.0,Low,1.0
150030089171,762,52811.0,61559.0,545036.0,659406.0,8.008874653855136,9.3355231829859,82.65560216315896,61.0,71.0,630.0,High,2.746467275093038
150039814001,4,6423.0,13557.0,460.0,20440.0,31.42367906066536,66.32583170254404,2.2504892367906066,1.0,3.0,0.0,Moderate,1.7082681017612524
150030026003,899,15865.0,61182.0,183608.0,260655.0,6.086589553240874,23.472406053979398,70.44100439277973,55.0,211.0,633.0,High,2.6435441483953888
150030099021,529,20094.0,0.0,0.0,20094.0,100.0,0.0,0.0,529.0,0.0,0.0,Low,1.0
150030089184,974,6340.0,26914.0,18419.0,51673.0,12.269463743154065,52.08522826234203,35.6453079945039,120.0,507.0,347.0,Moderate,2.233758442513498
150030112014,585,8464.0,39255.0,75453.0,123172.0,6.871691618224922,31.87006787256844,61.258240509206644,40.0,186.0,358.0,High,2.5438654889098173
150030112015,1013,105817.0,16649.0,0.0,122466.0,86.405206342985,13.594793657015009,0.0,875.0,138.0,0.0,Low,1.1359479365701501
150030103083,0,13445.0,40623.0,32458.0,86526.0,15.538682014654553,46.9488939740656,37.51242401127985,0.0,0.0,0.0,Moderate,2.2197374199662527
150030112012,1036,9354.0,1269.0,0.0,10623.0,88.05422197119458,11.945778028805423,0.0,912.0,124.0,0.0,Low,1.1194577802880543
150030034041,1826,1921.0,685.0,0.0,2606.0,73.7145049884881,26.285495011511895,0.0,1346.0,480.0,0.0,Low,1.262854950115119
150030034043,456,5365.0,4052.0,0.0,9417.0,56.971434639481785,43.028565360518215,0.0,260.0,196.0,0.0,Low,1.4302856536051822
150030035011,684,40343.0,30972.0,81534.0,152849.0,26.39402285916166,20.263135512826384,53.34284162801196,181.0,139.0,365.0,High,2.269488187688503
150030039001,268,3754.0,4259.0,1515.0,9528.0,39.39966414777498,44.69983207388749,15.900503778337532,106.0,120.0,43.0,Moderate,1.7650083963056256
150030036031,1314,1414.0,1245.0,842.0,3501.0,40.38846043987432,35.56126820908312,24.05027135104256,531.0,467.0,316.0,Low,1.8366181091116824
150030036032,1871,3641.0,3297.0,4179.0,11117.0,32.75164162993613,29.657281640730414,37.59107672933346,613.0,555.0,703.0,High,2.048394350993973
150030036041,751,43800.0,59837.0,32147.0,135784.0,32.25711424026395,44.06778412773228,23.67510163200377,242.0,331.0,178.0,Moderate,1.9141798739173983
150030099023,1108,138389.0,23170.0,27909.0,189468.0,73.0408301137923,12.228977980450525,14.730191905757174,809.0,135.0,163.0,Low,1.4168936179196487
150030111062,994,31959.0,52907.0,4974.0,89840.0,35.573241317898486,58.89024933214604,5.536509349955477,354.0,585.0,55.0,Moderate,1.69963268032057
150030071001,1547,22875.0,14290.0,133112.0,170277.0,13.433992846949383,8.392207990509581,78.17379916254103,208.0,130.0,1209.0,High,2.6473980631559164
150030077013,1064,146653.0,72056.0,132418.0,351127.0,41.76636943328197,20.521349824992097,37.71228074172593,444.0,218.0,401.0,Low,1.9594591130844394
150030001102,822,5210.0,2668.0,6807.0,14685.0,35.47837929860402,18.168198842356144,46.353421859039834,292.0,149.0,381.0,High,2.108750425604358
150030052001,691,1172.0,540.0,4.0,1716.0,68.29836829836829,31.46853146853147,0.2331002331002331,472.0,217.0,2.0,Low,1.3193473193473193
150030051001,1701,9019.0,3105.0,260.0,12384.0,72.82784237726099,25.072674418604652,2.099483204134367,1239.0,426.0,36.0,Low,1.292716408268734
150030050002,974,42695.0,1924.0,0.0,44619.0,95.68793563280217,4.312064367197831,0.0,932.0,42.0,0.0,Low,1.0431206436719782
150030045004,810,14377.0,38912.0,26183.0,79472.0,18.09064827863902,48.96315683511174,32.946194886249245,147.0,397.0,267.0,Moderate,2.148555466076102
150030099024,612,4925602.0,514838.0,1040932.0,6481372.0,75.99628597155046,7.943349031655643,16.06036499679389,465.0,49.0,98.0,Low,1.4006407902524343
150030098011,400,25510.0,10745.0,0.0,36255.0,70.36270859191835,29.637291408081644,0.0,281.0,119.0,0.0,Low,1.2963729140808165
150030084071,2646,19548.0,3936.0,0.0,23484.0,83.2396525293817,16.760347470618292,0.0,2203.0,443.0,0.0,Low,1.167603474706183
150030068061,798,49359.0,0.0,0.0,49359.0,100.0,0.0,0.0,798.0,0.0,0.0,Low,1.0
150030069002,1799,36184.0,8222.0,0.0,44406.0,81.4844840787281,18.5155159212719,0.0,1466.0,333.0,0.0,Low,1.185155159212719
150030077011,1508,37140.0,9431.0,2548.0,49119.0,75.61228852378916,19.200309452554002,5.1874020236568334,1140.0,290.0,78.0,Low,1.2957511349986768
150030077012,1562,21969.0,5019.0,0.0,26988.0,81.40284570920409,18.59715429079591,0.0,1272.0,290.0,0.0,Low,1.1859715429079591
150030078041,1305,42902.0,2622.0,0.0,45524.0,94.24040066777964,5.759599332220367,0.0,1230.0,75.0,0.0,Low,1.0575959933222037
150030105052,1004,55226.0,0.0,0.0,55226.0,100.0,0.0,0.0,1004.0,0.0,0.0,Low,1.0
150030105071,2325,31196.0,14598.0,28752.0,74546.0,41.84798647814772,19.582539639953854,38.569473881898425,973.0,455.0,897.0,Low,1.967214874037507
150030106011,925,91363.0,4029.0,1060.0,96452.0,94.7238004395969,4.177207315555924,1.0989922448471778,876.0,39.0,10.0,Low,1.0637519180525028
150030107012,951,31639.0,15788.0,3221.0,50648.0,62.46840941399463,31.172010740799244,6.359579845206128,594.0,296.0,60.0,Low,1.438911704312115
150030080012,730,54154.0,12781.0,0.0,66935.0,80.90535594233211,19.094644057667885,0.0,591.0,139.0,0.0,Low,1.190946440576679
150030103081,1376,0.0,0.0,0.0,0.0,0.0,0.0,0.0,0.0,0.0,0.0,No Data,0.0
150030065002,1836,33760.0,4793.0,1644.0,40197.0,83.9863671418265,11.923775406124836,4.08985745204866,1542.0,219.0,75.0,Low,1.2010349031022216
150030078092,1596,87662.0,6067.0,3.0,93732.0,93.52408995860539,6.472709426876627,0.0032006145179874538,1493.0,103.0,0.0,Low,1.064791106559126
150030003021,1370,25640.0,5097.0,1387.0,32124.0,79.81571410783215,15.866641763167724,4.317644129000125,1093.0,217.0,59.0,Low,1.2450193002116798
150030005002,565,23243.0,29473.0,41651.0,94367.0,24.63043224856147,31.232316381786006,44.137251369652525,139.0,176.0,249.0,High,2.1950681912109107
150030005003,653,66094.0,69587.0,68547.0,204228.0,32.362849364435824,34.07319270619112,33.56395792937305,211.0,222.0,219.0,Moderate,2.0120110856493723
150039813001,95,24563.0,42655.0,88644.0,155862.0,15.759453875864546,27.36715812706112,56.87338799707433,15.0,26.0,54.0,High,2.411139341212098
150030005005,935,41285.0,0.0,0.0,41285.0,100.0,0.0,0.0,935.0,0.0,0.0,Low,1.0
150030007001,586,31341.0,0.0,0.0,31341.0,100.0,0.0,0.0,586.0,0.0,0.0,Low,1.0
150030008001,1238,33440.0,0.0,0.0,33440.0,100.0,0.0,0.0,1238.0,0.0,0.0,Low,1.0
150030008002,842,22876.0,16805.0,21582.0,61263.0,37.34064606695722,27.430912622627034,35.22844131041575,314.0,231.0,297.0,Low,1.9788779524345854
150030099022,1307,38775.0,0.0,0.0,38775.0,100.0,0.0,0.0,1307.0,0.0,0.0,Low,1.0
150030009032,1706,13786.0,0.0,0.0,13786.0,100.0,0.0,0.0,1706.0,0.0,0.0,Low,1.0
150030010002,1373,14814.0,3947.0,0.0,18761.0,78.96167581685411,21.03832418314589,0.0,1084.0,289.0,0.0,Low,1.2103832418314588
150030012022,1104,4045.0,19667.0,89103.0,112815.0,3.585516110446306,17.43296547444932,78.98151841510438,40.0,192.0,872.0,High,2.753960023046581
150030002001,819,33759.0,0.0,0.0,33759.0,100.0,0.0,0.0,819.0,0.0,0.0,Low,1.0
150030014002,1647,54149.0,0.0,0.0,54149.0,100.0,0.0,0.0,1647.0,0.0,0.0,Low,1.0
150030089172,740,678161.0,65952.0,2623.0,746736.0,90.81670094919757,8.832037025133381,0.351262025669045,672.0,65.0,3.0,Low,1.0953456107647146
150030110001,2038,2710.0,1918.0,2829.0,7457.0,36.34169236958563,25.72079924902776,37.937508381386614,741.0,524.0,773.0,High,2.01595816011801
150030020061,1097,2710.0,1283.0,1554.0,5547.0,48.855237065080225,23.129619614205875,28.015143320713896,536.0,254.0,307.0,Low,1.7915990625563367
150030020032,695,151020.0,5671.0,0.0,156691.0,96.38077490091965,3.619225099080356,0.0,670.0,25.0,0.0,Low,1.0361922509908035
150030091001,969,3674.0,11654.0,10651.0,25979.0,14.142191770275991,44.85930944224181,40.9984987874822,137.0,435.0,397.0,Moderate,2.2685630701720623
150030025001,1895,12504.0,1252.0,0.0,13756.0,90.89851701075894,9.101482989241058,0.0,1723.0,172.0,0.0,Low,1.0910148298924105
150030026001,852,86691.0,3180.0,0.0,89871.0,96.46159495276562,3.5384050472343693,0.0,822.0,30.0,0.0,Low,1.0353840504723437
150030027011,1391,19681.0,6655.0,576.0,26912.0,73.13094530321045,24.728745541022594,2.140309155766944,1017.0,344.0,30.0,Low,1.2900936385255648
150030027012,967,24526.0,19433.0,303.0,44262.0,55.41096199900591,43.904477881704395,0.6845601192896842,536.0,425.0,7.0,Low,1.4527359812028378
150030027013,3314,23238.0,0.0,0.0,23238.0,100.0,0.0,0.0,3314.0,0.0,0.0,Low,1.0
150030027021,1181,14131.0,0.0,0.0,14131.0,100.0,0.0,0.0,1181.0,0.0,0.0,Low,1.0
150030049001,1726,10257.0,3335.0,867.0,14459.0,70.9385158033059,23.065218894806,5.996265301888097,1224.0,398.0,103.0,Low,1.350577494985822
150030053002,975,2957.0,5788.0,150.0,8895.0,33.2433951658235,65.07026419336705,1.6863406408094435,324.0,634.0,16.0,Moderate,1.6844294547498595
150030054001,1745,36058.0,4598.0,0.0,40656.0,88.69047619047619,11.30952380952381,0.0,1548.0,197.0,0.0,Low,1.1130952380952381
150030029001,2355,12494.0,0.0,0.0,12494.0,100.0,0.0,0.0,2355.0,0.0,0.0,Low,1.0
150030030001,1064,62290.0,112221.0,408984.0,583495.0,10.675327123625738,19.232555548890737,70.09211732748352,114.0,205.0,746.0,High,2.5941679020385777
150030057001,1930,32997.0,0.0,0.0,32997.0,100.0,0.0,0.0,1930.0,0.0,0.0,Low,1.0
150030030002,1377,5675.0,0.0,0.0,5675.0,100.0,0.0,0.0,1377.0,0.0,0.0,Low,1.0
150030030003,1293,55531.0,1830.0,0.0,57361.0,96.80967905022577,3.190320949774237,0.0,1252.0,41.0,0.0,Low,1.0319032094977423
150030030004,1084,0.0,0.0,0.0,0.0,0.0,0.0,0.0,0.0,0.0,0.0,No Data,0.0
150030031021,2491,16492.0,7500.0,0.0,23992.0,68.73957985995331,31.26042014004668,0.0,1712.0,779.0,0.0,Low,1.3126042014004669
150030058001,963,15330.0,15350.0,172.0,30852.0,49.68883702839362,49.753662647478286,0.5575003241280954,479.0,479.0,5.0,Moderate,1.5086866329573447
150030058002,2281,56582.0,74526.0,131940.0,263048.0,21.510142635564613,28.33171132264834,50.158146041787056,491.0,646.0,1144.0,High,2.286480034062224
150030059001,1716,15525.0,707.0,0.0,16232.0,95.64440611138491,4.355593888615082,0.0,1641.0,75.0,0.0,Low,1.0435559388861508
150030060001,2818,103378.0,10629.0,0.0,114007.0,90.67688826124711,9.323111738752884,0.0,2555.0,263.0,0.0,Low,1.0932311173875289
150030080051,2989,20551.0,0.0,0.0,20551.0,100.0,0.0,0.0,2989.0,0.0,0.0,Low,1.0
150030014001,1056,7717.0,31087.0,13517.0,52321.0,14.74933583073718,59.415913304409315,25.8347508648535,156.0,627.0,273.0,Moderate,2.1108541503411633
150030109011,951,0.0,0.0,0.0,0.0,0.0,0.0,0.0,0.0,0.0,0.0,No Data,0.0
150030031022,877,26866.0,2320.0,0.0,29186.0,92.05098334818064,7.949016651819366,0.0,807.0,70.0,0.0,Low,1.0794901665181937
150030061002,2009,13018.0,4175.0,0.0,17193.0,75.71686151340661,24.28313848659338,0.0,1521.0,488.0,0.0,Low,1.2428313848659338
150030063011,1219,0.0,0.0,0.0,0.0,0.0,0.0,0.0,0.0,0.0,0.0,No Data,0.0
150030063021,1285,0.0,0.0,0.0,0.0,0.0,0.0,0.0,0.0,0.0,0.0,No Data,0.0
150030064021,1507,3791.0,26883.0,16176.0,46850.0,8.091782283884738,57.38100320170758,34.52721451440768,122.0,865.0,520.0,Moderate,2.2643543223052296
150030102023,2645,185350.0,36935.0,15277.0,237562.0,78.02173748326753,15.54752022629882,6.430742290433655,2064.0,411.0,170.0,Low,1.2840900480716613
150030111031,2795,0.0,0.0,0.0,0.0,0.0,0.0,0.0,0.0,0.0,0.0,No Data,0.0
150030045002,1483,145729.0,19815.0,251.0,165795.0,87.897101842637,11.951506378358816,0.15139177900419193,1304.0,177.0,2.0,Low,1.122542899363672
150030002002,948,4961.0,3007.0,2478.0,10446.0,47.49186291403408,28.786138234730995,23.721998851234922,450.0,273.0,225.0,Low,1.7623013593720085
150030018011,597,4195.0,2008.0,1513.0,7716.0,54.36754795230689,26.023846552617936,19.608605495075167,325.0,155.0,117.0,Low,1.6524105754276828
150030018012,370,16701.0,5933.0,0.0,22634.0,73.78722276221613,26.212777237783865,0.0,273.0,97.0,0.0,Low,1.2621277723778386
150030035012,1630,95522.0,9482.0,0.0,105004.0,90.96986781455945,9.030132185440555,0.0,1483.0,147.0,0.0,Low,1.0903013218544055
150030089182,1374,35045.0,0.0,0.0,35045.0,100.0,0.0,0.0,1374.0,0.0,0.0,Low,1.0
150030089062,1281,15269.0,4453.0,2403.0,22125.0,69.01242937853107,20.126553672316383,10.861016949152543,884.0,258.0,139.0,Low,1.4184858757062146
150030040001,860,7288.0,1890.0,775.0,9953.0,73.2241535215513,18.989249472520846,7.786597005927861,630.0,163.0,67.0,Low,1.3456244348437656
150030040002,471,60460.0,7939.0,0.0,68399.0,88.39310516235618,11.606894837643825,0.0,416.0,55.0,0.0,Low,1.1160689483764383
150030105031,113,2705.0,33431.0,17111.0,53247.0,5.080098409300055,62.78475782673202,32.135143763967925,6.0,71.0,36.0,Moderate,2.2705504535466785
150030109031,2100,11428.0,1033.0,0.0,12461.0,91.71013562314421,8.28986437685579,0.0,1926.0,174.0,0.0,Low,1.082898643768558
150030046002,1032,8048.0,0.0,0.0,8048.0,100.0,0.0,0.0,1032.0,0.0,0.0,Low,1.0
150030046003,917,23475.0,0.0,0.0,23475.0,100.0,0.0,0.0,917.0,0.0,0.0,Low,1.0
150030089483,1166,6846.0,1278.0,0.0,8124.0,84.26883308714919,15.731166912850814,0.0,983.0,183.0,0.0,Low,1.1573116691285081
150030034143,1487,92721.0,6356.0,64.0,99141.0,93.52437437588888,6.41107110075549,0.06455452335562482,1391.0,95.0,1.0,Low,1.0654018014746673
150030089523,2053,29318.0,0.0,0.0,29318.0,100.0,0.0,0.0,2053.0,0.0,0.0,Low,1.0
150030089471,1568,20420.0,0.0,0.0,20420.0,100.0,0.0,0.0,1568.0,0.0,0.0,Low,1.0
150030089482,582,44671.0,0.0,0.0,44671.0,100.0,0.0,0.0,582.0,0.0,0.0,Low,1.0
150030089501,1994,13843.0,0.0,0.0,13843.0,100.0,0.0,0.0,1994.0,0.0,0.0,Low,1.0
150030089512,648,491745.0,111591.0,255179.0,858515.0,57.27855657734576,12.99814214078962,29.723301281864618,371.0,84.0,193.0,Low,1.7244474470451885
150030102051,1868,14946.0,1219.0,0.0,16165.0,92.45901639344262,7.540983606557377,0.0,1727.0,141.0,0.0,Low,1.0754098360655737
150030089441,546,39927.0,3336.0,0.0,43263.0,92.2890229526385,7.710977047361486,0.0,504.0,42.0,0.0,Low,1.0771097704736148
150030089421,1367,18639.0,2988.0,0.0,21627.0,86.1839367457345,13.8160632542655,0.0,1178.0,189.0,0.0,Low,1.138160632542655
150030089422,652,82032.0,0.0,0.0,82032.0,100.0,0.0,0.0,652.0,0.0,0.0,Low,1.0
150030089522,1736,21917.0,5904.0,0.0,27821.0,78.77862046655405,21.22137953344596,0.0,1368.0,368.0,0.0,Low,1.2122137953344596
150030089393,1423,8738.0,0.0,0.0,8738.0,100.0,0.0,0.0,1423.0,0.0,0.0,Low,1.0
150030034131,1081,7015.0,0.0,0.0,7015.0,100.0,0.0,0.0,1081.0,0.0,0.0,Low,1.0
150030034132,1269,6456.0,1715.0,0.0,8171.0,79.01113694774202,20.988863052257987,0.0,1003.0,266.0,0.0,Low,1.2098886305225798
150030034144,1050,78426.0,0.0,0.0,78426.0,100.0,0.0,0.0,1050.0,0.0,0.0,Low,1.0
150030089491,1949,433493.0,16528.0,0.0,450021.0,96.32728250459422,3.67271749540577,0.0,1877.0,72.0,0.0,Low,1.0367271749540576
150030089451,1605,20662.0,13002.0,0.0,33664.0,61.377138783269956,38.62286121673004,0.0,985.0,620.0,0.0,Low,1.3862286121673004
150030089392,946,24010.0,4962.0,0.0,28972.0,82.873118873395,17.126881126605,0.0,784.0,162.0,0.0,Low,1.1712688112660499
150030089402,1043,6398.0,0.0,0.0,6398.0,100.0,0.0,0.0,1043.0,0.0,0.0,Low,1.0
150030034111,1403,30794.0,3444.0,0.0,34238.0,89.94100122670716,10.058998773292831,0.0,1262.0,141.0,0.0,Low,1.1005899877329284
150030089442,2138,15791.0,2244.0,0.0,18035.0,87.5575270307735,12.442472969226504,0.0,1872.0,266.0,0.0,Low,1.1244247296922651
150030089443,1035,77278.0,0.0,0.0,77278.0,100.0,0.0,0.0,1035.0,0.0,0.0,Low,1.0
150030089391,0,19133.0,28372.0,7571.0,55076.0,34.73926937322972,51.514271188902605,13.746459437867673,0.0,0.0,0.0,Moderate,1.7900719006463794
150030087021,2645,39760.0,1955.0,0.0,41715.0,95.31343641376003,4.686563586239962,0.0,2521.0,124.0,0.0,Low,1.0468656358623996
150030089131,1574,7651.0,15670.0,0.0,23321.0,32.807341023112215,67.19265897688778,0.0,516.0,1058.0,0.0,Moderate,1.6719265897688778
150030083021,1337,11477.0,42399.0,13710.0,67586.0,16.981327493859673,62.73340632675406,20.285266179386262,227.0,839.0,271.0,Moderate,2.033039386855266
150030083023,2415,25021.0,5066.0,0.0,30087.0,83.162163060458,16.837836939541994,0.0,2008.0,407.0,0.0,Low,1.16837836939542
150030078091,1007,82528.0,14919.0,6093.0,103540.0,79.70639366428433,14.408924087309252,5.8846822484064125,803.0,145.0,59.0,Low,1.2617828858412208
150030080021,1861,28071.0,2561.0,0.0,30632.0,91.63946200052233,8.36053799947767,0.0,1705.0,156.0,0.0,Low,1.0836053799947767
150030080022,1141,3096.0,794.0,0.0,3890.0,79.58868894601542,20.411311053984576,0.0,908.0,233.0,0.0,Low,1.2041131105398457
150030078072,721,8085.0,25311.0,111657.0,145053.0,5.573824739922649,17.44948398171703,76.97669127836032,40.0,126.0,555.0,High,2.714028665384377
150030078081,1648,263000.0,27109.0,7309.0,297418.0,88.4277347033468,9.114781217007712,2.457484079645482,1457.0,150.0,40.0,Low,1.1402974937629868
150030109012,2016,1165.0,6404.0,7799.0,15368.0,7.580687142113482,41.67100468505986,50.748308172826654,153.0,840.0,1023.0,High,2.4316762103071317
150030109032,785,1234.0,14201.0,2302.0,17737.0,6.957208096070361,80.06427242487456,12.978519479055084,55.0,629.0,102.0,Moderate,2.0602131138298474
150030109041,612,1996.0,18866.0,4898.0,25760.0,7.748447204968945,73.23757763975155,19.013975155279503,47.0,448.0,116.0,Moderate,2.1126552795031057
150030109042,874,3840.0,16390.0,1510.0,21740.0,17.66329346826127,75.39098436062558,6.945722171113156,154.0,659.0,61.0,Moderate,1.8928242870285188
150030109051,925,352048.0,19128.0,0.0,371176.0,94.84664956785998,5.153350432140009,0.0,877.0,48.0,0.0,Low,1.0515335043214
150030107021,1409,9448.0,25795.0,33529.0,68772.0,13.738149246786483,37.50799744081893,48.75385331239458,194.0,528.0,687.0,High,2.350157040656081
150030111042,1045,6971.0,18090.0,8706.0,33767.0,20.644416145941303,53.573015073888705,25.78256878016999,216.0,560.0,269.0,Moderate,2.0513815263422868
150030111052,1466,6556.0,11093.0,5525.0,23174.0,28.29032536463278,47.86830068179857,23.841373953568652,415.0,702.0,350.0,Moderate,1.9555104858893588
150030053001,2974,61113.0,12657.0,0.0,73770.0,82.842618950793,17.157381049206993,0.0,2464.0,510.0,0.0,Low,1.1715738104920699
150030080052,897,34481.0,19756.0,102585.0,156822.0,21.987348713828418,12.597722258356608,65.41492902781498,197.0,113.0,587.0,High,2.4342758031398657
150030080011,1836,,,,,0.0,0.0,0.0,0.0,0.0,0.0,Low,0.0
