GEOID,total_population,pct_low,pct_moderate,pct_high,pop_exposed_low,pop_exposed_moderate,pop_exposed_high,weighted_risk_score,dominant_risk
150030068172,1743,0.0,100.0,0.0,0,1743,0,2.0,Moderate
150030103101,1926,0.0,97.4,2.6,0,1876,50,2.03,Moderate
150030103032,1758,0.0,100.0,0.0,0,1758,0,2.0,Moderate
150030070021,1005,0.0,100.0,0.0,0,1005,0,2.0,Moderate
150030063022,1966,0.0,100.0,0.0,0,1966,0,2.0,Moderate
150030094021,1210,0.0,100.0,0.0,0,1210,0,2.0,Moderate
150030094023,1104,0.0,100.0,0.0,0,1104,0,2.0,Moderate
150030016021,701,0.0,100.0,0.0,0,701,0,2.0,Moderate
150030094011,1232,0.0,85.93,14.07,0,1059,173,2.14,Moderate
150030080092,1825,0.0,100.0,0.0,0,1825,0,2.0,Moderate
150030080082,784,0.0,100.0,0.0,0,784,0,2.0,Moderate
150030080091,898,0.0,100.0,0.0,0,898,0,2.0,Moderate
150030086261,1815,0.0,100.0,0.0,0,1815,0,2.0,Moderate
150030084102,3848,0.0,100.0,0.0,0,3848,0,2.0,Moderate
150030084083,3280,0.0,100.0,0.0,0,3280,0,2.0,Moderate
150030062031,2923,0.0,100.0,0.0,0,2923,0,2.0,Moderate
150030087073,1777,0.0,100.0,0.0,0,1777,0,2.0,Moderate
150030001203,856,0.0,100.0,0.0,0,856,0,2.0,Moderate
150039820001,1161,0.0,100.0,0.0,0,1161,0,2.0,Moderate
150030001151,1578,0.0,100.0,0.0,0,1578,0,2.0,Moderate
150030001152,762,0.0,100.0,0.0,0,762,0,2.0,Moderate
150030089174,753,0.0,100.0,0.0,0,753,0,2.0,Moderate
150030089175,1187,0.0,97.1,2.9,0,1153,34,2.03,Moderate
150030023011,790,0.0,100.0,0.0,0,790,0,2.0,Moderate
150030036033,209,4.98,91.39,3.63,10,191,8,1.99,Moderate
150030034044,1558,3.53,73.69,22.78,55,1148,355,2.19,Moderate
150030078122,1373,0.0,100.0,0.0,0,1373,0,2.0,Moderate
150030078151,2294,0.0,85.08,14.92,0,1952,342,2.15,Moderate
150030111065,1444,0.0,100.0,0.0,0,1444,0,2.0,Moderate
150030078083,599,0.0,100.0,0.0,0,599,0,2.0,Moderate
150030015011,1728,0.0,100.0,0.0,0,1728,0,2.0,Moderate
150030103031,1254,0.0,100.0,0.0,0,1254,0,2.0,Moderate
150039817001,3490,0.0,100.0,0.0,0,3490,0,2.0,Moderate
150030048011,1242,0.49,99.51,0.0,6,1236,0,2.0,Moderate
150030084183,999,0.0,100.0,0.0,0,999,0,2.0,Moderate
150030078171,666,0.0,0.0,0.0,0,0,0,0.0,No Data
150030077024,1372,0.0,100.0,0.0,0,1372,0,2.0,Moderate
150030067044,1027,0.0,100.0,0.0,0,1027,0,2.0,Moderate
150030067041,1919,0.0,100.0,0.0,0,1919,0,2.0,Moderate
150030068102,851,0.0,100.0,0.0,0,851,0,2.0,Moderate
150030048013,1279,0.0,100.0,0.0,0,1279,0,2.0,Moderate
150030048023,820,0.0,100.0,0.0,0,820,0,2.0,Moderate
150030087062,636,0.0,100.0,0.0,0,636,0,2.0,Moderate
150030086323,1144,0.0,100.0,0.0,0,1144,0,2.0,Moderate
150030095102,394,0.0,80.0,20.0,0,315,79,2.2,Moderate
150030075085,1103,0.0,100.0,0.0,0,1103,0,2.0,Moderate
150030078163,2046,0.0,100.0,0.0,0,2046,0,2.0,Moderate
150030078132,1164,0.0,100.0,0.0,0,1164,0,2.0,Moderate
150030078131,1032,0.0,100.0,0.0,0,1032,0,2.0,Moderate
150030075074,2182,0.0,100.0,0.0,0,2182,0,2.0,Moderate
150030068121,1205,0.0,93.75,6.25,0,1130,75,2.06,Moderate
150030048022,1216,0.0,96.84,3.16,0,1178,38,2.03,Moderate
150030087072,1173,0.0,100.0,0.0,0,1173,0,2.0,Moderate
150030089342,1715,0.0,100.0,0.0,0,1715,0,2.0,Moderate
150030019063,1395,0.0,100.0,0.0,0,1395,0,2.0,Moderate
150030019062,979,0.0,100.0,0.0,0,979,0,2.0,Moderate
150030018042,970,0.0,100.0,0.0,0,970,0,2.0,Moderate
150030035042,2118,0.0,100.0,0.0,0,2118,0,2.0,Moderate
150030078141,2639,0.0,100.0,0.0,0,2639,0,2.0,Moderate
150030089351,1338,0.0,100.0,0.0,0,1338,0,2.0,Moderate
150030078142,963,0.0,100.0,0.0,0,963,0,2.0,Moderate
150030089461,925,0.0,100.0,0.0,0,925,0,2.0,Moderate
150030061001,1804,0.0,100.0,0.0,0,1804,0,2.0,Moderate
150030038014,1320,0.0,100.0,0.0,0,1320,0,2.0,Moderate
150030038013,0,0.0,100.0,0.0,0,0,0,2.0,Moderate
150030080131,856,0.0,100.0,0.0,0,856,0,2.0,Moderate
150030086291,2180,0.0,100.0,0.0,0,2180,0,2.0,Moderate
150030086282,1930,0.0,100.0,0.0,0,1930,0,2.0,Moderate
150030086232,1372,0.0,100.0,0.0,0,1372,0,2.0,Moderate
150030086234,89,0.0,98.06,1.94,0,87,2,2.02,Moderate
150030078042,889,0.06,57.15,42.79,1,508,380,2.43,Moderate
150030089431,1039,0.0,100.0,0.0,0,1039,0,2.0,Moderate
150030089122,1428,0.0,100.0,0.0,0,1428,0,2.0,Moderate
150030080054,1512,0.0,100.0,0.0,0,1512,0,2.0,Moderate
150030062022,799,0.0,100.0,0.0,0,799,0,2.0,Moderate
150030086342,1045,0.0,100.0,0.0,0,1045,0,2.0,Moderate
150030086331,2784,0.0,100.0,0.0,0,2784,0,2.0,Moderate
150030071002,1960,0.0,100.0,0.0,0,1960,0,2.0,Moderate
150030086281,1894,0.0,100.0,0.0,0,1894,0,2.0,Moderate
150030089352,2443,0.0,100.0,0.0,0,2443,0,2.0,Moderate
150030084181,2332,0.0,100.0,0.0,0,2332,0,2.0,Moderate
150030075073,1705,0.0,100.0,0.0,0,1705,0,2.0,Moderate
150030075071,1371,0.0,100.0,0.0,0,1371,0,2.0,Moderate
150039818011,3171,0.0,100.0,0.0,0,3171,0,2.0,Moderate
150039818031,3054,0.0,100.0,0.0,0,3054,0,2.0,Moderate
150030105073,828,0.0,100.0,0.0,0,828,0,2.0,Moderate
150030103051,2092,0.0,100.0,0.0,0,2092,0,2.0,Moderate
150030069003,1500,0.0,100.0,0.0,0,1500,0,2.0,Moderate
150030089322,1758,0.0,100.0,0.0,0,1758,0,2.0,Moderate
150030089321,303,0.0,100.0,0.0,0,303,0,2.0,Moderate
150030089181,1131,0.0,100.0,0.0,0,1131,0,2.0,Moderate
150030087071,2113,0.0,100.0,0.0,0,2113,0,2.0,Moderate
150030075081,1552,0.0,100.0,0.0,0,1552,0,2.0,Moderate
150030080122,1343,0.0,100.0,0.0,0,1343,0,2.0,Moderate
150030009051,1507,0.0,90.56,9.44,0,1365,142,2.09,Moderate
150030084141,2493,0.0,100.0,0.0,0,2493,0,2.0,Moderate
150030068161,2100,0.0,100.0,0.0,0,2100,0,2.0,Moderate
150030067031,1695,0.0,100.0,0.0,0,1695,0,2.0,Moderate
150030068152,510,0.0,100.0,0.0,0,510,0,2.0,Moderate
150030041022,758,0.0,100.0,0.0,0,758,0,2.0,Moderate
150030041023,611,0.0,100.0,0.0,0,611,0,2.0,Moderate
150030093021,1338,0.0,100.0,0.0,0,1338,0,2.0,Moderate
150030090002,572,0.0,100.0,0.0,0,572,0,2.0,Moderate
150030089381,1439,0.0,100.0,0.0,0,1439,0,2.0,Moderate
150030001191,854,0.0,100.0,0.0,0,854,0,2.0,Moderate
150030001202,707,0.0,100.0,0.0,0,707,0,2.0,Moderate
150030080081,820,0.0,91.06,8.94,0,747,73,2.09,Moderate
150030043023,678,0.0,100.0,0.0,0,678,0,2.0,Moderate
150030043011,836,0.0,100.0,0.0,0,836,0,2.0,Moderate
150030042012,754,0.0,56.14,43.86,0,423,331,2.44,Moderate
150030037011,793,0.0,100.0,0.0,0,793,0,2.0,Moderate
150030084172,1861,0.0,100.0,0.0,0,1861,0,2.0,Moderate
150030084173,680,0.0,94.12,5.88,0,640,40,2.06,Moderate
150030068134,1732,0.0,94.53,5.47,0,1637,95,2.05,Moderate
150030107011,1402,0.0,100.0,0.0,0,1402,0,2.0,Moderate
150030095111,1438,0.0,79.73,20.27,0,1147,291,2.2,Moderate
150030105092,721,0.0,49.4,50.6,0,356,365,2.51,High
150030105091,486,0.0,100.0,0.0,0,486,0,2.0,Moderate
150030043021,1579,0.0,100.0,0.0,0,1579,0,2.0,Moderate
150030050003,849,0.0,100.0,0.0,0,849,0,2.0,Moderate
150030050001,1129,0.0,100.0,0.0,0,1129,0,2.0,Moderate
150030086302,963,0.0,100.0,0.0,0,963,0,2.0,Moderate
150030092011,1268,0.0,95.74,4.26,0,1214,54,2.04,Moderate
150030093011,1340,0.0,100.0,0.0,0,1340,0,2.0,Moderate
150030089511,718,0.0,100.0,0.0,0,718,0,2.0,Moderate
150030001142,922,0.0,0.0,0.0,0,0,0,0.0,No Data
150030086301,2139,0.0,100.0,0.0,0,2139,0,2.0,Moderate
150030047012,983,0.0,100.0,0.0,0,983,0,2.0,Moderate
150030021011,505,0.0,100.0,0.0,0,505,0,2.0,Moderate
150030021012,663,0.0,100.0,0.0,0,663,0,2.0,Moderate
150030045003,2054,0.0,100.0,0.0,0,2054,0,2.0,Moderate
150030037031,1018,0.0,100.0,0.0,0,1018,0,2.0,Moderate
150030037035,390,0.0,100.0,0.0,0,390,0,2.0,Moderate
150030036062,1249,0.0,100.0,0.0,0,1249,0,2.0,Moderate
150030022051,2118,0.0,100.0,0.0,0,2118,0,2.0,Moderate
150030022031,2009,0.0,100.0,0.0,0,2009,0,2.0,Moderate
150030089411,2021,0.0,100.0,0.0,0,2021,0,2.0,Moderate
150030095091,1522,0.0,100.0,0.0,0,1522,0,2.0,Moderate
150030095122,2918,0.0,0.0,0.0,0,0,0,0.0,No Data
150030002004,677,0.0,100.0,0.0,0,677,0,2.0,Moderate
150030080102,1622,0.0,100.0,0.0,0,1622,0,2.0,Moderate
150030025003,369,0.0,88.0,12.0,0,325,44,2.12,Moderate
150030025002,1201,0.0,100.0,0.0,0,1201,0,2.0,Moderate
150030116002,1321,0.0,100.0,0.0,0,1321,0,2.0,Moderate
150030034142,1209,0.0,100.0,0.0,0,1209,0,2.0,Moderate
150030011022,1210,0.0,100.0,0.0,0,1210,0,2.0,Moderate
150030034042,1159,0.0,100.0,0.0,0,1159,0,2.0,Moderate
150030031041,2624,0.0,100.0,0.0,0,2624,0,2.0,Moderate
150030024042,736,0.0,100.0,0.0,0,736,0,2.0,Moderate
150030095123,609,0.0,100.0,0.0,0,609,0,2.0,Moderate
150030089332,1392,0.0,100.0,0.0,0,1392,0,2.0,Moderate
150030089521,1508,0.0,100.0,0.0,0,1508,0,2.0,Moderate
150030116001,657,0.0,100.0,0.0,0,657,0,2.0,Moderate
150030044021,1600,0.0,100.0,0.0,0,1600,0,2.0,Moderate
150030089481,878,0.0,100.0,0.0,0,878,0,2.0,Moderate
150030015022,1150,11.34,88.26,0.4,130,1015,5,1.89,Moderate
150030089294,604,0.0,100.0,0.0,0,604,0,2.0,Moderate
150030089313,1627,0.0,100.0,0.0,0,1627,0,2.0,Moderate
150030028011,1670,0.0,100.0,0.0,0,1670,0,2.0,Moderate
150030024031,782,0.0,100.0,0.0,0,782,0,2.0,Moderate
150030024032,878,0.0,100.0,0.0,0,878,0,2.0,Moderate
150030016012,813,0.0,100.0,0.0,0,813,0,2.0,Moderate
150030041012,1020,0.0,100.0,0.0,0,1020,0,2.0,Moderate
150030011012,1144,0.0,100.0,0.0,0,1144,0,2.0,Moderate
150030011011,744,0.0,83.33,16.67,0,620,124,2.17,Moderate
150030018032,90,0.0,100.0,0.0,0,90,0,2.0,Moderate
150030018034,733,0.0,99.17,0.83,0,727,6,2.01,Moderate
150030020051,1035,0.0,100.0,0.0,0,1035,0,2.0,Moderate
150030087042,1830,0.0,81.48,18.52,0,1491,339,2.19,Moderate
150030078172,656,0.0,100.0,0.0,0,656,0,2.0,Moderate
150030078162,1217,0.0,100.0,0.0,0,1217,0,2.0,Moderate
150030084131,1533,0.0,100.0,0.0,0,1533,0,2.0,Moderate
150030084132,1277,0.0,100.0,0.0,0,1277,0,2.0,Moderate
150030062032,1970,0.0,66.67,33.33,0,1313,657,2.33,Moderate
150030043022,656,0.0,97.87,2.13,0,642,14,2.02,Moderate
150030064024,1752,0.0,100.0,0.0,0,1752,0,2.0,Moderate
150030068191,881,0.0,100.0,0.0,0,881,0,2.0,Moderate
150030084152,2784,0.0,100.0,0.0,0,2784,0,2.0,Moderate
150030084053,1979,0.0,97.14,2.86,0,1922,57,2.03,Moderate
150030084162,1851,0.0,100.0,0.0,0,1851,0,2.0,Moderate
150030084171,1753,0.0,100.0,0.0,0,1753,0,2.0,Moderate
150030088012,1874,0.0,100.0,0.0,0,1874,0,2.0,Moderate
150030087051,1819,0.0,100.0,0.0,0,1819,0,2.0,Moderate
150030105074,1137,0.0,100.0,0.0,0,1137,0,2.0,Moderate
150030095112,1916,0.0,88.89,11.11,0,1703,213,2.11,Moderate
150030026002,1032,0.0,100.0,0.0,0,1032,0,2.0,Moderate
150030009041,2492,0.0,100.0,0.0,0,2492,0,2.0,Moderate
150030037032,486,0.0,70.0,30.0,0,340,146,2.3,Moderate
150030002006,434,0.0,100.0,0.0,0,434,0,2.0,Moderate
150030019061,508,0.0,100.0,0.0,0,508,0,2.0,Moderate
150030019071,1105,0.0,100.0,0.0,0,1105,0,2.0,Moderate
150030001211,1569,0.0,100.0,0.0,0,1569,0,2.0,Moderate
150030004021,679,9.58,81.79,8.63,65,555,59,1.99,Moderate
150030001171,1381,8.19,58.98,32.84,113,814,453,2.25,Moderate
150030001104,335,0.0,100.0,0.0,0,335,0,2.0,Moderate
150030020042,553,0.0,100.0,0.0,0,553,0,2.0,Moderate
150030024013,518,0.0,100.0,0.0,0,518,0,2.0,Moderate
150030022062,964,0.0,100.0,0.0,0,964,0,2.0,Moderate
150030038024,0,0.0,100.0,0.0,0,0,0,2.0,Moderate
150030038023,999,0.0,100.0,0.0,0,999,0,2.0,Moderate
150030038011,925,0.0,100.0,0.0,0,925,0,2.0,Moderate
150030038012,1280,0.0,100.0,0.0,0,1280,0,2.0,Moderate
150030044012,1262,0.0,100.0,0.0,0,1262,0,2.0,Moderate
150030044013,772,0.0,100.0,0.0,0,772,0,2.0,Moderate
150030056011,862,0.0,100.0,0.0,0,862,0,2.0,Moderate
150030059002,1733,10.35,84.83,4.82,179,1470,84,1.94,Moderate
150030086341,565,0.0,100.0,0.0,0,565,0,2.0,Moderate
150039821001,0,0.0,94.12,5.88,0,0,0,2.06,Moderate
150030022061,1274,0.0,100.0,0.0,0,1274,0,2.0,Moderate
150030034101,1796,0.0,100.0,0.0,0,1796,0,2.0,Moderate
150030037013,684,0.0,74.12,25.88,0,507,177,2.26,Moderate
150030021021,268,0.0,100.0,0.0,0,268,0,2.0,Moderate
150030086233,1727,0.0,100.0,0.0,0,1727,0,2.0,Moderate
150030037022,1323,0.0,100.0,0.0,0,1323,0,2.0,Moderate
150030037021,424,0.0,100.0,0.0,0,424,0,2.0,Moderate
150030068132,106,0.0,100.0,0.0,0,106,0,2.0,Moderate
150030042011,729,0.0,88.75,11.25,0,647,82,2.11,Moderate
150030019051,601,0.0,100.0,0.0,0,601,0,2.0,Moderate
150030068131,2361,0.0,100.0,0.0,0,2361,0,2.0,Moderate
150030078093,636,0.0,100.0,0.0,0,636,0,2.0,Moderate
150030092031,1980,0.0,100.0,0.0,0,1980,0,2.0,Moderate
150030047011,1220,0.0,100.0,0.0,0,1220,0,2.0,Moderate
150030105101,1997,0.0,100.0,0.0,0,1997,0,2.0,Moderate
150039802001,537,0.0,100.0,0.0,0,537,0,2.0,Moderate
150030086262,1468,0.0,100.0,0.0,0,1468,0,2.0,Moderate
150030109033,880,0.0,100.0,0.0,0,880,0,2.0,Moderate
150030008003,1636,0.0,100.0,0.0,0,1636,0,2.0,Moderate
150030001222,1049,0.0,100.0,0.0,0,1049,0,2.0,Moderate
150030023022,703,0.0,99.35,0.65,0,698,5,2.01,Moderate
150030023013,1586,0.0,100.0,0.0,0,1586,0,2.0,Moderate
150030086272,1373,14.84,75.81,9.35,204,1041,128,1.95,Moderate
150030115005,962,0.0,100.0,0.0,0,962,0,2.0,Moderate
150030115002,2178,0.0,86.96,13.04,0,1894,284,2.13,Moderate
150030047023,1043,0.0,100.0,0.0,0,1043,0,2.0,Moderate
150030047021,914,0.0,100.0,0.0,0,914,0,2.0,Moderate
150039822001,1262,0.0,100.0,0.0,0,1262,0,2.0,Moderate
150030068101,3136,0.0,100.0,0.0,0,3136,0,2.0,Moderate
150030114012,1298,0.0,100.0,0.0,0,1298,0,2.0,Moderate
150030068141,1426,0.0,100.0,0.0,0,1426,0,2.0,Moderate
150030023012,1436,0.0,100.0,0.0,0,1436,0,2.0,Moderate
150030001083,1296,0.0,0.0,0.0,0,0,0,0.0,No Data
150030088022,2046,0.0,100.0,0.0,0,2046,0,2.0,Moderate
150030086252,2395,0.0,100.0,0.0,0,2395,0,2.0,Moderate
150030084072,1841,0.0,100.0,0.0,0,1841,0,2.0,Moderate
150030088011,1576,0.0,100.0,0.0,0,1576,0,2.0,Moderate
150030087023,893,0.0,100.0,0.0,0,893,0,2.0,Moderate
150030087074,907,0.0,92.31,7.69,0,837,70,2.08,Moderate
150030073023,1204,0.0,100.0,0.0,0,1204,0,2.0,Moderate
150030089361,1622,0.0,100.0,0.0,0,1622,0,2.0,Moderate
150030044022,1110,6.25,77.57,16.18,69,861,180,2.1,Moderate
150030089132,1149,0.0,95.96,4.04,0,1103,46,2.04,Moderate
150030105102,1172,0.0,100.0,0.0,0,1172,0,2.0,Moderate
150030070012,709,0.0,100.0,0.0,0,709,0,2.0,Moderate
150030103102,518,0.0,100.0,0.0,0,518,0,2.0,Moderate
150030070022,1703,0.0,100.0,0.0,0,1703,0,2.0,Moderate
150030094022,1082,0.0,100.0,0.0,0,1082,0,2.0,Moderate
150030016022,912,0.0,0.0,0.0,0,0,0,0.0,No Data
150030111063,1362,0.0,97.22,2.78,0,1324,38,2.03,Moderate
150030111041,1403,0.0,82.05,17.95,0,1151,252,2.18,Moderate
150030001153,119,0.0,100.0,0.0,0,119,0,2.0,Moderate
150030112013,653,0.0,100.0,0.0,0,653,0,2.0,Moderate
150030056021,1307,0.0,81.25,18.75,0,1062,245,2.19,Moderate
150030084182,1684,0.0,100.0,0.0,0,1684,0,2.0,Moderate
150030103091,1074,0.0,0.0,0.0,0,0,0,0.0,No Data
150030067045,2190,0.0,0.0,0.0,0,0,0,0.0,No Data
150030068062,856,0.0,100.0,0.0,0,856,0,2.0,Moderate
150030068111,1948,0.0,100.0,0.0,0,1948,0,2.0,Moderate
150030048012,978,0.0,100.0,0.0,0,978,0,2.0,Moderate
150030086324,947,0.0,100.0,0.0,0,947,0,2.0,Moderate
150030086321,595,0.0,100.0,0.0,0,595,0,2.0,Moderate
150030075084,2257,0.0,100.0,0.0,0,2257,0,2.0,Moderate
150030078161,280,0.0,100.0,0.0,0,280,0,2.0,Moderate
150030078133,732,0.0,100.0,0.0,0,732,0,2.0,Moderate
150030075072,591,0.0,100.0,0.0,0,591,0,2.0,Moderate
150030048021,1383,0.0,92.31,7.69,0,1277,106,2.08,Moderate
150030027022,867,0.0,96.43,3.57,0,836,31,2.04,Moderate
150030089341,1161,0.0,100.0,0.0,0,1161,0,2.0,Moderate
150030019052,952,0.0,0.0,0.0,0,0,0,0.0,No Data
150030035041,835,0.0,0.0,0.0,0,0,0,0.0,No Data
150030089362,1426,0.0,100.0,0.0,0,1426,0,2.0,Moderate
150030089282,1611,0.0,100.0,0.0,0,1611,0,2.0,Moderate
150030089292,1111,0.0,100.0,0.0,0,1111,0,2.0,Moderate
150030038015,0,0.0,100.0,0.0,0,0,0,2.0,Moderate
150039400031,1926,0.0,100.0,0.0,0,1926,0,2.0,Moderate
150030080132,1227,0.0,100.0,0.0,0,1227,0,2.0,Moderate
150030086231,1862,0.0,100.0,0.0,0,1862,0,2.0,Moderate
150030080053,780,0.0,100.0,0.0,0,780,0,2.0,Moderate
150030080121,1400,0.0,100.0,0.0,0,1400,0,2.0,Moderate
150030107023,1436,0.0,89.12,10.88,0,1280,156,2.11,Moderate
150030011021,633,0.0,100.0,0.0,0,633,0,2.0,Moderate
150030069001,792,0.0,100.0,0.0,0,792,0,2.0,Moderate
150030068151,2378,0.0,100.0,0.0,0,2378,0,2.0,Moderate
150030051002,1172,0.0,100.0,0.0,0,1172,0,2.0,Moderate
150030089092,1531,0.0,100.0,0.0,0,1531,0,2.0,Moderate
150030001193,338,0.0,100.0,0.0,0,338,0,2.0,Moderate
150030043012,1440,0.0,100.0,0.0,0,1440,0,2.0,Moderate
150030042022,859,0.0,97.5,2.5,0,838,21,2.02,Moderate
150030037012,700,0.0,100.0,0.0,0,700,0,2.0,Moderate
150030084113,1139,0.0,100.0,0.0,0,1139,0,2.0,Moderate
150030065001,3210,0.0,93.02,6.98,0,2986,224,2.07,Moderate
150030095101,1131,0.0,100.0,0.0,0,1131,0,2.0,Moderate
150030077022,1448,0.0,100.0,0.0,0,1448,0,2.0,Moderate
150030056012,864,0.0,100.0,0.0,0,864,0,2.0,Moderate
150030109052,1515,0.0,100.0,0.0,0,1515,0,2.0,Moderate
150030045001,981,0.0,100.0,0.0,0,981,0,2.0,Moderate
150030086273,1212,0.0,100.0,0.0,0,1212,0,2.0,Moderate
150030093023,1381,0.0,100.0,0.0,0,1381,0,2.0,Moderate
150030095121,1376,0.0,95.65,4.35,0,1316,60,2.04,Moderate
150030086311,1620,0.0,100.0,0.0,0,1620,0,2.0,Moderate
150030056022,820,0.0,100.0,0.0,0,820,0,2.0,Moderate
150030021013,858,0.0,100.0,0.0,0,858,0,2.0,Moderate
150030109044,920,0.0,100.0,0.0,0,920,0,2.0,Moderate
150030037023,1009,34.5,63.43,2.07,348,640,21,1.68,Moderate
150030037033,772,0.0,100.0,0.0,0,772,0,2.0,Moderate
150030022041,1344,0.71,87.63,11.66,9,1178,157,2.11,Moderate
150030031031,1718,0.0,100.0,0.0,0,1718,0,2.0,Moderate
150030095092,1734,0.0,100.0,0.0,0,1734,0,2.0,Moderate
150030095081,1958,0.0,100.0,0.0,0,1958,0,2.0,Moderate
150030111044,1104,0.0,100.0,0.0,0,1104,0,2.0,Moderate
150030060002,1487,0.0,100.0,0.0,0,1487,0,2.0,Moderate
150030080101,599,0.0,100.0,0.0,0,599,0,2.0,Moderate
150030034141,642,0.0,98.54,1.46,0,633,9,2.01,Moderate
150030034091,1243,0.0,100.0,0.0,0,1243,0,2.0,Moderate
150030001223,744,0.0,100.0,0.0,0,744,0,2.0,Moderate
150030064023,1884,0.0,100.0,0.0,0,1884,0,2.0,Moderate
150030068192,2021,0.0,100.0,0.0,0,2021,0,2.0,Moderate
150030084151,1590,0.0,100.0,0.0,0,1590,0,2.0,Moderate
150030084161,1595,0.0,100.0,0.0,0,1595,0,2.0,Moderate
150030083022,2226,0.0,100.0,0.0,0,2226,0,2.0,Moderate
150030109043,1234,0.0,100.0,0.0,0,1234,0,2.0,Moderate
150030001192,914,0.0,100.0,0.0,0,914,0,2.0,Moderate
150030068181,1930,0.0,100.0,0.0,0,1930,0,2.0,Moderate
150030001181,1845,21.31,59.33,19.36,393,1095,357,1.98,Moderate
150030002005,845,0.0,100.0,0.0,0,845,0,2.0,Moderate
150030019072,510,0.0,100.0,0.0,0,510,0,2.0,Moderate
150030017001,1194,0.0,100.0,0.0,0,1194,0,2.0,Moderate
150030015021,1141,0.0,100.0,0.0,0,1141,0,2.0,Moderate
150030001161,2140,0.0,84.33,15.67,0,1805,335,2.16,Moderate
150030001201,579,31.88,65.51,2.61,185,379,15,1.71,Moderate
150030024014,1020,0.0,100.0,0.0,0,1020,0,2.0,Moderate
150030038025,879,0.0,99.86,0.14,0,878,1,2.0,Moderate
150030038022,2396,0.0,100.0,0.0,0,2396,0,2.0,Moderate
150030038021,295,0.0,100.0,0.0,0,295,0,2.0,Moderate
150030034121,1842,0.0,100.0,0.0,0,1842,0,2.0,Moderate
150030044011,371,0.0,100.0,0.0,0,371,0,2.0,Moderate
150030089462,552,0.0,100.0,0.0,0,552,0,2.0,Moderate
150030041021,1090,0.0,100.0,0.0,0,1090,0,2.0,Moderate
150030089463,1092,27.86,67.18,4.95,304,734,54,1.77,Moderate
150030089401,2144,0.0,100.0,0.0,0,2144,0,2.0,Moderate
150030086274,1243,0.0,100.0,0.0,0,1243,0,2.0,Moderate
150030037014,0,0.0,100.0,0.0,0,0,0,2.0,Moderate
150030037024,46,0.0,100.0,0.0,0,46,0,2.0,Moderate
150030078073,1080,0.0,100.0,0.0,0,1080,0,2.0,Moderate
150030041011,597,0.0,100.0,0.0,0,597,0,2.0,Moderate
150030105072,1013,0.0,100.0,0.0,0,1013,0,2.0,Moderate
150030084052,1150,13.2,80.91,5.89,152,930,68,1.93,Moderate
150030019073,521,0.0,100.0,0.0,0,521,0,2.0,Moderate
150039400041,2354,0.0,99.97,0.03,0,2353,1,2.0,Moderate
150030089185,950,0.0,100.0,0.0,0,950,0,2.0,Moderate
150030083014,1683,0.0,100.0,0.0,0,1683,0,2.0,Moderate
150030089173,1402,0.0,100.0,0.0,0,1402,0,2.0,Moderate
150030089343,792,0.0,100.0,0.0,0,792,0,2.0,Moderate
150030089212,1192,19.94,73.97,6.08,238,882,72,1.86,Moderate
150030089382,2303,0.0,100.0,0.0,0,2303,0,2.0,Moderate
150030087052,1714,0.0,100.0,0.0,0,1714,0,2.0,Moderate
150030080111,2440,0.0,97.28,2.72,0,2374,66,2.03,Moderate
150030056023,2174,0.0,100.0,0.0,0,2174,0,2.0,Moderate
150030068171,1700,0.0,100.0,0.0,0,1700,0,2.0,Moderate
150030027024,1096,0.0,96.23,3.77,0,1055,41,2.04,Moderate
150030089302,1210,0.0,98.08,1.92,0,1187,23,2.02,Moderate
150030089295,1336,0.0,100.0,0.0,0,1336,0,2.0,Moderate
150030089293,981,0.0,100.0,0.0,0,981,0,2.0,Moderate
150030035031,955,0.0,100.0,0.0,0,955,0,2.0,Moderate
150030034081,989,0.0,100.0,0.0,0,989,0,2.0,Moderate
150030034082,774,0.0,100.0,0.0,0,774,0,2.0,Moderate
150030103093,1030,0.0,100.0,0.0,0,1030,0,2.0,Moderate
150039819001,438,0.0,100.0,0.0,0,438,0,2.0,Moderate
150030009052,952,0.0,100.0,0.0,0,952,0,2.0,Moderate
150030016011,1169,63.53,35.24,1.23,743,412,14,1.38,Low
150030024041,610,0.0,100.0,0.0,0,610,0,2.0,Moderate
150030028021,493,0.0,100.0,0.0,0,493,0,2.0,Moderate
150030028022,1629,0.0,100.0,0.0,0,1629,0,2.0,Moderate
150030007004,819,8.18,80.91,10.91,67,663,89,2.03,Moderate
150030037034,0,0.0,100.0,0.0,0,0,0,2.0,Moderate
150030004012,1976,0.0,100.0,0.0,0,1976,0,2.0,Moderate
150030004023,564,0.0,100.0,0.0,0,564,0,2.0,Moderate
150030103092,1659,4.52,94.55,0.93,75,1569,16,1.96,Moderate
150030086343,1329,0.0,0.0,0.0,0,0,0,0.0,No Data
150030083012,2233,0.0,100.0,0.0,0,2233,0,2.0,Moderate
150030087063,1879,0.81,93.93,5.25,15,1765,99,2.04,Moderate
150030086322,2310,0.0,91.12,8.88,0,2105,205,2.09,Moderate
150030110002,1644,54.52,44.39,1.09,896,730,18,1.47,Low
150030068133,1188,0.0,100.0,0.0,0,1188,0,2.0,Moderate
150030070011,1159,0.0,100.0,0.0,0,1159,0,2.0,Moderate
150030075083,1050,0.0,100.0,0.0,0,1050,0,2.0,Moderate
150030067042,270,0.0,100.0,0.0,0,270,0,2.0,Moderate
150030067043,1280,0.0,100.0,0.0,0,1280,0,2.0,Moderate
150030042021,867,0.0,100.0,0.0,0,867,0,2.0,Moderate
150030107013,1575,0.0,100.0,0.0,0,1575,0,2.0,Moderate
150030021022,1273,0.0,0.0,0.0,0,0,0,0.0,No Data
150030093022,521,0.0,100.0,0.0,0,521,0,2.0,Moderate
150030036061,1562,0.0,100.0,0.0,0,1562,0,2.0,Moderate
150030034092,749,0.0,100.0,0.0,0,749,0,2.0,Moderate
150030089093,1335,95.01,4.96,0.03,1268,66,0,1.05,Low
150030007003,1341,7.78,86.14,6.08,104,1155,82,1.98,Moderate
150030001221,1207,0.0,65.38,34.62,0,789,418,2.35,Moderate
150030074002,1846,0.0,100.0,0.0,0,1846,0,2.0,Moderate
150030023021,1068,0.0,100.0,0.0,0,1068,0,2.0,Moderate
150030086275,884,0.0,100.0,0.0,0,884,0,2.0,Moderate
150030086312,1399,0.0,100.0,0.0,0,1399,0,2.0,Moderate
150030086271,1485,0.0,100.0,0.0,0,1485,0,2.0,Moderate
150030089371,2323,0.0,100.0,0.0,0,2323,0,2.0,Moderate
150030089312,1472,0.0,100.0,0.0,0,1472,0,2.0,Moderate
150039818021,1522,0.0,100.0,0.0,0,1522,0,2.0,Moderate
150030047022,654,0.0,100.0,0.0,0,654,0,2.0,Moderate
150030115004,2903,0.0,100.0,0.0,0,2903,0,2.0,Moderate
150030087041,377,0.0,100.0,0.0,0,377,0,2.0,Moderate
150030075082,992,0.0,98.56,1.44,0,978,14,2.01,Moderate
150030068173,1501,0.0,100.0,0.0,0,1501,0,2.0,Moderate
150030114011,708,0.0,99.25,0.75,0,703,5,2.01,Moderate
150030068142,1508,31.86,60.13,8.02,480,907,121,1.76,Moderate
150030005004,537,0.0,100.0,0.0,0,537,0,2.0,Moderate
150030086242,1806,0.0,100.0,0.0,0,1806,0,2.0,Moderate
150030086241,1497,0.0,100.0,0.0,0,1497,0,2.0,Moderate
150030086251,939,0.0,100.0,0.0,0,939,0,2.0,Moderate
150030088021,1251,0.0,100.0,0.0,0,1251,0,2.0,Moderate
150030088023,1576,0.0,100.0,0.0,0,1576,0,2.0,Moderate
150030089331,2216,0.0,100.0,0.0,0,2216,0,2.0,Moderate
150030087061,1338,2.68,92.81,4.51,36,1242,60,2.02,Moderate
150030073024,2060,0.0,100.0,0.0,0,2060,0,2.0,Moderate
150030078121,701,0.0,100.0,0.0,0,701,0,2.0,Moderate
150030112022,821,0.18,96.66,3.16,1,794,26,2.03,Moderate
150030046004,1243,0.0,95.87,4.13,0,1192,51,2.04,Moderate
150030089133,1357,0.0,100.0,0.0,0,1357,0,2.0,Moderate
150030036051,914,0.0,100.0,0.0,0,914,0,2.0,Moderate
150030001212,717,0.0,100.0,0.0,0,717,0,2.0,Moderate
150030113001,1078,0.0,100.0,0.0,0,1078,0,2.0,Moderate
150030003012,1666,0.0,100.0,0.0,0,1666,0,2.0,Moderate
150030012021,1873,11.76,81.14,7.09,220,1520,133,1.95,Moderate
150030086111,26,0.0,100.0,0.0,0,26,0,2.0,Moderate
150030046001,797,0.0,100.0,0.0,0,797,0,2.0,Moderate
150030063012,1329,0.0,98.11,1.89,0,1304,25,2.02,Moderate
150030074001,3314,0.0,100.0,0.0,0,3314,0,2.0,Moderate
150030084082,3797,0.0,83.33,16.67,0,3164,633,2.17,Moderate
150030105051,1214,0.0,100.0,0.0,0,1214,0,2.0,Moderate
150030018041,503,0.0,100.0,0.0,0,503,0,2.0,Moderate
150030001101,1727,0.0,100.0,0.0,0,1727,0,2.0,Moderate
150030064011,2191,0.0,100.0,0.0,0,2191,0,2.0,Moderate
150030063013,1276,0.0,100.0,0.0,0,1276,0,2.0,Moderate
150030049002,1107,0.0,100.0,0.0,0,1107,0,2.0,Moderate
150030062021,1410,55.44,42.83,1.72,782,604,24,1.46,Low
150030004011,563,0.0,99.64,0.36,0,561,2,2.0,Moderate
150030010001,1718,0.0,99.39,0.61,0,1708,10,2.01,Moderate
150030103052,740,0.0,95.79,4.21,0,709,31,2.04,Moderate
150030003011,1874,0.0,97.29,2.71,0,1823,51,2.03,Moderate
150030004022,2327,0.0,100.0,0.0,0,2327,0,2.0,Moderate
150039900010,0,0.0,100.0,0.0,0,0,0,2.0,Moderate
150030006002,1465,0.49,95.76,3.75,7,1403,55,2.03,Moderate
150030018033,970,0.0,100.0,0.0,0,970,0,2.0,Moderate
150030024011,743,0.0,100.0,0.0,0,743,0,2.0,Moderate
150030027023,1695,0.0,99.6,0.4,0,1688,7,2.0,Moderate
150030103082,2137,0.0,100.0,0.0,0,2137,0,2.0,Moderate
150030050004,1215,0.0,100.0,0.0,0,1215,0,2.0,Moderate
150030006001,0,0.0,100.0,0.0,0,0,0,2.0,Moderate
150030001103,1137,0.0,93.03,6.97,0,1058,79,2.07,Moderate
150030107022,1031,0.0,100.0,0.0,0,1031,0,2.0,Moderate
150030001071,1308,0.0,100.0,0.0,0,1308,0,2.0,Moderate
150030078071,847,0.06,98.12,1.82,1,831,15,2.02,Moderate
150030077021,1160,0.0,100.0,0.0,0,1160,0,2.0,Moderate
150030078082,1262,0.0,90.65,9.35,0,1144,118,2.09,Moderate
150030075041,1499,0.0,98.7,1.3,0,1479,20,2.01,Moderate
150030105082,1479,0.0,100.0,0.0,0,1479,0,2.0,Moderate
150030105053,719,0.0,100.0,0.0,0,719,0,2.0,Moderate
150030105081,856,0.0,100.0,0.0,0,856,0,2.0,Moderate
150030078075,1665,0.0,100.0,0.0,0,1665,0,2.0,Moderate
150030077023,1616,8.36,84.0,7.64,135,1357,123,1.99,Moderate
150030084112,1711,0.0,100.0,0.0,0,1711,0,2.0,Moderate
150030089311,417,0.0,100.0,0.0,0,417,0,2.0,Moderate
150039806001,0,0.0,100.0,0.0,0,0,0,2.0,Moderate
150030095071,2024,0.0,97.75,2.25,0,1978,46,2.02,Moderate
150039807001,0,0.0,90.14,9.86,0,0,0,2.1,Moderate
150039800001,0,0.0,100.0,0.0,0,0,0,2.0,Moderate
150030001141,626,0.0,100.0,0.0,0,626,0,2.0,Moderate
150030009011,1040,0.0,100.0,0.0,0,1040,0,2.0,Moderate
150030073021,1318,0.0,100.0,0.0,0,1318,0,2.0,Moderate
150030083013,1052,0.0,100.0,0.0,0,1052,0,2.0,Moderate
150030073022,936,0.0,100.0,0.0,0,936,0,2.0,Moderate
150030106023,2169,0.0,100.0,0.0,0,2169,0,2.0,Moderate
150030089063,1264,16.61,75.43,7.96,210,953,101,1.91,Moderate
150030089211,1328,0.0,88.24,11.76,0,1172,156,2.12,Moderate
150030106012,1364,0.0,100.0,0.0,0,1364,0,2.0,Moderate
150030103033,658,0.0,100.0,0.0,0,658,0,2.0,Moderate
150030112011,889,0.0,100.0,0.0,0,889,0,2.0,Moderate
150030111061,1354,0.0,94.71,5.29,0,1282,72,2.05,Moderate
150030036042,1487,0.0,100.0,0.0,0,1487,0,2.0,Moderate
150030111053,934,0.0,100.0,0.0,0,934,0,2.0,Moderate
150030009012,1409,0.0,100.0,0.0,0,1409,0,2.0,Moderate
150030001082,586,0.0,100.0,0.0,0,586,0,2.0,Moderate
150030001081,1070,0.0,100.0,0.0,0,1070,0,2.0,Moderate
150030106021,1243,0.0,100.0,0.0,0,1243,0,2.0,Moderate
150030106013,924,0.0,100.0,0.0,0,924,0,2.0,Moderate
150030105032,1590,2.31,79.94,17.75,37,1271,282,2.15,Moderate
150030013002,1267,0.0,74.07,25.93,0,939,328,2.26,Moderate
150039808001,0,0.0,100.0,0.0,0,0,0,2.0,Moderate
150030106022,1881,40.05,53.94,6.01,753,1015,113,1.66,Moderate
150030103053,2668,0.0,100.0,0.0,0,2668,0,2.0,Moderate
150030002003,1636,0.0,100.0,0.0,0,1636,0,2.0,Moderate
150030087022,1383,0.0,100.0,0.0,0,1383,0,2.0,Moderate
150030064022,1192,0.0,91.54,8.46,0,1091,101,2.08,Moderate
150030111051,920,0.0,100.0,0.0,0,920,0,2.0,Moderate
150030113002,1089,0.0,98.45,1.55,0,1072,17,2.02,Moderate
150030111032,1127,0.0,100.0,0.0,0,1127,0,2.0,Moderate
150030111043,1399,0.0,100.0,0.0,0,1399,0,2.0,Moderate
150030085021,2421,0.0,100.0,0.0,0,2421,0,2.0,Moderate
150030115001,2301,0.0,91.39,8.61,0,2103,198,2.09,Moderate
150030078074,1027,0.0,100.0,0.0,0,1027,0,2.0,Moderate
150030084051,1773,0.0,100.0,0.0,0,1773,0,2.0,Moderate
150030115003,2143,0.0,97.62,2.38,0,2092,51,2.02,Moderate
150030111064,897,0.0,99.7,0.3,0,894,3,2.0,Moderate
150030113003,3432,42.95,54.04,3.01,1474,1855,103,1.6,Moderate
150030003022,1421,3.18,89.39,7.44,45,1270,106,2.04,Moderate
150030089121,1490,0.0,84.91,15.09,0,1265,225,2.15,Moderate
150030084081,2064,0.0,100.0,0.0,0,2064,0,2.0,Moderate
150030083011,0,0.0,100.0,0.0,0,0,0,2.0,Moderate
150030089281,1785,0.0,100.0,0.0,0,1785,0,2.0,Moderate
150039810001,0,0.0,100.0,0.0,0,0,0,2.0,Moderate
150039811001,30,0.0,100.0,0.0,0,30,0,2.0,Moderate
150030112021,794,0.0,100.0,0.0,0,794,0,2.0,Moderate
150030084101,1363,0.0,100.0,0.0,0,1363,0,2.0,Moderate
150030084111,848,0.0,100.0,0.0,0,848,0,2.0,Moderate
150030086091,1966,0.0,100.0,0.0,0,1966,0,2.0,Moderate
150039803001,0,0.0,100.0,0.0,0,0,0,2.0,Moderate
150030089261,1736,0.0,100.0,0.0,0,1736,0,2.0,Moderate
150030013001,894,0.0,88.85,11.15,0,794,100,2.11,Moderate
150030007002,673,0.0,100.0,0.0,0,673,0,2.0,Moderate
150030005001,742,0.0,100.0,0.0,0,742,0,2.0,Moderate
150030001072,1210,0.0,0.0,0.0,0,0,0,0.0,No Data
150030090001,1552,0.0,100.0,0.0,0,1552,0,2.0,Moderate
150030012012,1723,0.0,100.0,0.0,0,1723,0,2.0,Moderate
150030009031,1133,0.0,100.0,0.0,0,1133,0,2.0,Moderate
150030012011,1358,0.0,93.37,6.63,0,1268,90,2.07,Moderate
150030013004,765,0.0,93.15,6.85,0,713,52,2.07,Moderate
150030013003,1179,0.51,93.32,6.16,6,1100,73,2.06,Moderate
150030055001,2057,0.0,100.0,0.0,0,2057,0,2.0,Moderate
150030089061,1012,0.0,100.0,0.0,0,1012,0,2.0,Moderate
150030049003,993,0.0,100.0,0.0,0,993,0,2.0,Moderate
150030017002,562,0.0,100.0,0.0,0,562,0,2.0,Moderate
150030020062,927,0.0,100.0,0.0,0,927,0,2.0,Moderate
150030024012,1079,0.0,100.0,0.0,0,1079,0,2.0,Moderate
150030026004,1320,0.72,82.25,17.03,9,1086,225,2.16,Moderate
150030052002,1550,0.0,100.0,0.0,0,1550,0,2.0,Moderate
150030060003,1487,0.0,100.0,0.0,0,1487,0,2.0,Moderate
150030057002,858,0.0,100.0,0.0,0,858,0,2.0,Moderate
150030018031,712,0.0,92.31,7.69,0,657,55,2.08,Moderate
150030089291,660,0.0,100.0,0.0,0,660,0,2.0,Moderate
150030089301,917,0.0,97.96,2.04,0,898,19,2.02,Moderate
150030089091,1013,0.0,100.0,0.0,0,1013,0,2.0,Moderate
150030089183,1041,0.0,100.0,0.0,0,1041,0,2.0,Moderate
150030075042,1794,0.0,100.0,0.0,0,1794,0,2.0,Moderate
150030095072,1256,0.0,100.0,0.0,0,1256,0,2.0,Moderate
150030020031,847,0.0,100.0,0.0,0,847,0,2.0,Moderate
150030020041,501,0.0,100.0,0.0,0,501,0,2.0,Moderate
150030019011,251,0.0,100.0,0.0,0,251,0,2.0,Moderate
150030020052,876,0.0,100.0,0.0,0,876,0,2.0,Moderate
150030089171,762,0.0,100.0,0.0,0,762,0,2.0,Moderate
150039814001,4,0.0,100.0,0.0,0,4,0,2.0,Moderate
150030026003,899,2.72,85.34,11.94,24,767,107,2.09,Moderate
150030089184,974,0.0,100.0,0.0,0,974,0,2.0,Moderate
150030112014,585,0.0,100.0,0.0,0,585,0,2.0,Moderate
150030112015,1013,0.0,0.0,0.0,0,0,0,0.0,No Data
150030103083,0,0.0,100.0,0.0,0,0,0,2.0,Moderate
150030112012,1036,0.0,100.0,0.0,0,1036,0,2.0,Moderate
150030034041,1826,0.0,87.67,12.33,0,1601,225,2.12,Moderate
150030034043,456,0.0,100.0,0.0,0,456,0,2.0,Moderate
150030035011,684,0.0,100.0,0.0,0,684,0,2.0,Moderate
150030039001,268,0.0,100.0,0.0,0,268,0,2.0,Moderate
150030036031,1314,0.0,98.51,1.49,0,1294,20,2.01,Moderate
150030036032,1871,0.0,0.0,0.0,0,0,0,0.0,No Data
150030036041,751,0.0,100.0,0.0,0,751,0,2.0,Moderate
150030111062,994,0.0,0.0,0.0,0,0,0,0.0,No Data
150030071001,1547,0.0,0.0,0.0,0,0,0,0.0,No Data
150030077013,1064,0.0,96.49,3.51,0,1027,37,2.04,Moderate
150030001102,822,0.0,0.0,0.0,0,0,0,0.0,No Data
150030052001,691,0.0,100.0,0.0,0,691,0,2.0,Moderate
150030051001,1701,0.0,100.0,0.0,0,1701,0,2.0,Moderate
150030050002,974,0.0,100.0,0.0,0,974,0,2.0,Moderate
150030045004,810,0.0,100.0,0.0,0,810,0,2.0,Moderate
150030084071,2646,0.0,100.0,0.0,0,2646,0,2.0,Moderate
150030068061,798,0.0,100.0,0.0,0,798,0,2.0,Moderate
150030069002,1799,0.0,100.0,0.0,0,1799,0,2.0,Moderate
150030077011,1508,0.0,98.98,1.02,0,1493,15,2.01,Moderate
150030077012,1562,0.0,100.0,0.0,0,1562,0,2.0,Moderate
150030078041,1305,0.0,100.0,0.0,0,1305,0,2.0,Moderate
150030105052,1004,0.0,100.0,0.0,0,1004,0,2.0,Moderate
150030105071,2325,0.0,100.0,0.0,0,2325,0,2.0,Moderate
150030106011,925,0.0,100.0,0.0,0,925,0,2.0,Moderate
150030107012,951,0.0,100.0,0.0,0,951,0,2.0,Moderate
150030080012,730,0.0,100.0,0.0,0,730,0,2.0,Moderate
150030103081,1376,0.0,100.0,0.0,0,1376,0,2.0,Moderate
150030065002,1836,0.0,100.0,0.0,0,1836,0,2.0,Moderate
150030078092,1596,0.0,100.0,0.0,0,1596,0,2.0,Moderate
150030003021,1370,0.0,100.0,0.0,0,1370,0,2.0,Moderate
150030005002,565,0.0,100.0,0.0,0,565,0,2.0,Moderate
150030005003,653,0.0,100.0,0.0,0,653,0,2.0,Moderate
150039813001,95,0.0,100.0,0.0,0,95,0,2.0,Moderate
150030005005,935,0.0,100.0,0.0,0,935,0,2.0,Moderate
150030007001,586,0.0,100.0,0.0,0,586,0,2.0,Moderate
150030008001,1238,0.0,100.0,0.0,0,1238,0,2.0,Moderate
150030008002,842,0.0,100.0,0.0,0,842,0,2.0,Moderate
150030009032,1706,0.0,100.0,0.0,0,1706,0,2.0,Moderate
150030010002,1373,0.0,100.0,0.0,0,1373,0,2.0,Moderate
150030012022,1104,0.0,100.0,0.0,0,1104,0,2.0,Moderate
150030002001,819,0.0,100.0,0.0,0,819,0,2.0,Moderate
150030014002,1647,0.0,100.0,0.0,0,1647,0,2.0,Moderate
150030089172,740,0.0,100.0,0.0,0,740,0,2.0,Moderate
150030110001,2038,0.0,100.0,0.0,0,2038,0,2.0,Moderate
150030020061,1097,0.0,100.0,0.0,0,1097,0,2.0,Moderate
150030020032,695,0.0,100.0,0.0,0,695,0,2.0,Moderate
150030025001,1895,0.0,100.0,0.0,0,1895,0,2.0,Moderate
150030026001,852,0.0,98.44,1.56,0,839,13,2.02,Moderate
150030027011,1391,0.0,100.0,0.0,0,1391,0,2.0,Moderate
150030027012,967,0.0,100.0,0.0,0,967,0,2.0,Moderate
150030027013,3314,37.99,57.36,4.66,1259,1901,154,1.67,Moderate
150030027021,1181,0.0,98.91,1.09,0,1168,13,2.01,Moderate
150030049001,1726,0.0,82.76,17.24,0,1428,298,2.17,Moderate
150030053002,975,0.0,100.0,0.0,0,975,0,2.0,Moderate
150030054001,1745,0.0,100.0,0.0,0,1745,0,2.0,Moderate
150030029001,2355,0.0,100.0,0.0,0,2355,0,2.0,Moderate
150030030001,1064,0.0,100.0,0.0,0,1064,0,2.0,Moderate
150030057001,1930,0.0,67.33,32.67,0,1299,631,2.33,Moderate
150030030002,1377,0.0,100.0,0.0,0,1377,0,2.0,Moderate
150030030003,1293,0.0,98.78,1.22,0,1277,16,2.01,Moderate
150030030004,1084,0.0,100.0,0.0,0,1084,0,2.0,Moderate
150030031021,2491,32.18,62.98,4.84,802,1569,121,1.73,Moderate
150030058001,963,0.0,0.0,0.0,0,0,0,0.0,No Data
150030058002,2281,0.0,0.0,0.0,0,0,0,0.0,No Data
150030059001,1716,0.0,0.0,0.0,0,0,0,0.0,No Data
150030060001,2818,0.0,0.0,0.0,0,0,0,0.0,No Data
150030080051,2989,0.0,0.0,0.0,0,0,0,0.0,No Data
150030014001,1056,0.0,0.0,0.0,0,0,0,0.0,No Data
150030109011,951,0.0,0.0,0.0,0,0,0,0.0,No Data
150030031022,877,0.0,0.0,0.0,0,0,0,0.0,No Data
150030061002,2009,0.0,0.0,0.0,0,0,0,0.0,No Data
150030063011,1219,0.0,0.0,0.0,0,0,0,0.0,No Data
150030063021,1285,0.0,0.0,0.0,0,0,0,0.0,No Data
150030064021,1507,0.0,0.0,0.0,0,0,0,0.0,No Data
150030111031,2795,0.0,0.0,0.0,0,0,0,0.0,No Data
150030045002,1483,0.0,0.0,0.0,0,0,0,0.0,No Data
150030002002,948,0.0,0.0,0.0,0,0,0,0.0,No Data
150030018011,597,0.0,0.0,0.0,0,0,0,0.0,No Data
150030018012,370,0.0,0.0,0.0,0,0,0,0.0,No Data
150030035012,1630,0.0,0.0,0.0,0,0,0,0.0,No Data
150030089182,1374,0.0,0.0,0.0,0,0,0,0.0,No Data
150030089062,1281,0.0,0.0,0.0,0,0,0,0.0,No Data
150030040001,860,0.0,0.0,0.0,0,0,0,0.0,No Data
150030040002,471,0.0,0.0,0.0,0,0,0,0.0,No Data
150030105031,113,0.0,0.0,0.0,0,0,0,0.0,No Data
150030109031,2100,0.0,0.0,0.0,0,0,0,0.0,No Data
150030046002,1032,0.0,0.0,0.0,0,0,0,0.0,No Data
150030046003,917,0.0,0.0,0.0,0,0,0,0.0,No Data
150030089483,1166,0.0,0.0,0.0,0,0,0,0.0,No Data
150030034143,1487,0.0,0.0,0.0,0,0,0,0.0,No Data
150030089523,2053,0.0,0.0,0.0,0,0,0,0.0,No Data
150030089471,1568,0.0,0.0,0.0,0,0,0,0.0,No Data
150030089482,582,0.0,0.0,0.0,0,0,0,0.0,No Data
150030089501,1994,0.0,0.0,0.0,0,0,0,0.0,No Data
150030089512,648,0.0,0.0,0.0,0,0,0,0.0,No Data
150030089441,546,0.0,0.0,0.0,0,0,0,0.0,No Data
150030089421,1367,0.0,0.0,0.0,0,0,0,0.0,No Data
150030089422,652,0.0,0.0,0.0,0,0,0,0.0,No Data
150030089522,1736,0.0,0.0,0.0,0,0,0,0.0,No Data
150030089393,1423,0.0,0.0,0.0,0,0,0,0.0,No Data
150030034131,1081,0.0,0.0,0.0,0,0,0,0.0,No Data
150030034132,1269,0.0,0.0,0.0,0,0,0,0.0,No Data
150030034144,1050,0.0,0.0,0.0,0,0,0,0.0,No Data
150030089491,1949,0.0,0.0,0.0,0,0,0,0.0,No Data
150030089451,1605,0.0,0.0,0.0,0,0,0,0.0,No Data
150030089392,946,0.0,0.0,0.0,0,0,0,0.0,No Data
150030089402,1043,0.0,0.0,0.0,0,0,0,0.0,No Data
150030034111,1403,0.0,0.0,0.0,0,0,0,0.0,No Data
150030089442,2138,0.0,0.0,0.0,0,0,0,0.0,No Data
150030089443,1035,0.0,0.0,0.0,0,0,0,0.0,No Data
150030089391,0,0.0,0.0,0.0,0,0,0,0.0,No Data
150030087021,2645,0.0,0.0,0.0,0,0,0,0.0,No Data
150030089131,1574,0.0,0.0,0.0,0,0,0,0.0,No Data
150030083021,1337,0.0,0.0,0.0,0,0,0,0.0,No Data
150030083023,2415,0.0,0.0,0.0,0,0,0,0.0,No Data
150030078091,1007,0.0,0.0,0.0,0,0,0,0.0,No Data
150030080021,1861,0.0,0.0,0.0,0,0,0,0.0,No Data
150030080022,1141,0.0,0.0,0.0,0,0,0,0.0,No Data
150030078072,721,0.0,0.0,0.0,0,0,0,0.0,No Data
150030078081,1648,0.0,0.0,0.0,0,0,0,0.0,No Data
150030109012,2016,0.0,0.0,0.0,0,0,0,0.0,No Data
150030109032,785,0.0,0.0,0.0,0,0,0,0.0,No Data
150030109041,612,0.0,0.0,0.0,0,0,0,0.0,No Data
150030109042,874,0.0,0.0,0.0,0,0,0,0.0,No Data
150030109051,925,0.0,0.0,0.0,0,0,0,0.0,No Data
150030107021,1409,0.0,0.0,0.0,0,0,0,0.0,No Data
150030111042,1045,0.0,0.0,0.0,0,0,0,0.0,No Data
150030111052,1466,0.0,0.0,0.0,0,0,0,0.0,No Data
150030053001,2974,0.0,0.0,0.0,0,0,0,0.0,No Data
150030080052,897,0.0,0.0,0.0,0,0,0,0.0,No Data
150030080011,1836,0.0,0.0,0.0,0,0,0,0.0,No Data
